Фамилия_Номер_покупки,Продукт,Стоимость,Тип,Время покупки
Байдаков_1,Сидр,275,Алкоголь,3:45
Байдаков_1,Сигареты,102,Сигареты,3:46
Байдаков_2,Пиво,730,Алкоголь,23:20
Байдаков_2,Чипсы,132,Фастфуд,23:21
Байдаков_2,Сухарики,90,Фастфуд,23:22
Байдаков_3,Фарш,420,Еда,18:15
Байдаков_3,Макароны,135,Бакалея,18:15
Байдаков_3,Томаты,170,Еда,18:15
Байдаков_3,Огурцы,140,Еда,18:15
Байдаков_4,Сидр,268,Алкоголь,4:10
Байдаков_4,Сигареты,100,Сигареты,4:11
Байдаков_5,Пиво,1450,Алкоголь,1:30
Байдаков_5,Чипсы,130,Фастфуд,1:31
Байдаков_6,Фарш,400,Еда,17:40
Байдаков_6,Курица,380,Еда,17:40
Байдаков_6,Макароны,130,Бакалея,17:40
Байдаков_7,Сидр,270,Алкоголь,2:55
Байдаков_7,Сигареты,105,Сигареты,2:56
Байдаков_8,Пиво,720,Алкоголь,0:15
Байдаков_8,Сухарики,88,Фастфуд,0:16
Байдаков_9,Фарш,410,Еда,19:05
Байдаков_9,Макароны,138,Бакалея,19:05
Байдаков_9,Соус,245,Соус,19:05
Байдаков_10,Сидр,272,Алкоголь,3:30
Байдаков_10,Сигареты,101,Сигареты,3:31
Байдаков_11,Пиво,740,Алкоголь,23:55
Байдаков_11,Чипсы,128,Фастфуд,23:56
Байдаков_12,Пиво,710,Алкоголь,1:45
Байдаков_12,Сухарики,92,Фастфуд,1:46
Байдаков_13,Фарш,415,Еда,18:25
Байдаков_13,Курица,375,Еда,18:25
Байдаков_13,Салат,180,Еда,18:25
Байдаков_14,Сидр,278,Алкоголь,4:20
Байдаков_14,Сигареты,103,Сигареты,4:21
Байдаков_15,Пиво,1500,Алкоголь,0:40
Байдаков_15,Чипсы,135,Фастфуд,0:41
Байдаков_15,Сухарики,89,Фастфуд,0:42
Байдаков_16,Сидр,265,Алкоголь,3:15
Байдаков_16,Сигареты,100,Сигареты,3:16
Байдаков_17,Пиво,725,Алкоголь,23:10
Байдаков_17,Чипсы,130,Фастфуд,23:11
Байдаков_18,Фарш,405,Еда,17:50
Байдаков_18,Макароны,132,Бакалея,17:50
Байдаков_19,Сидр,280,Алкоголь,4:30
Байдаков_19,Сигареты,104,Сигареты,4:31
Байдаков_20,Пиво,1480,Алкоголь,1:10
Байдаков_20,Чипсы,133,Фастфуд,1:11
Байдаков_21,Фарш,425,Еда,18:40
Байдаков_21,Курица,390,Еда,18:40
Байдаков_22,Сидр,270,Алкоголь,3:00
Байдаков_22,Сигареты,102,Сигареты,3:01
Байдаков_23,Пиво,735,Алкоголь,23:45
Байдаков_23,Сухарики,91,Фастфуд,23:46
Байдаков_24,Фарш,400,Еда,19:20
Байдаков_24,Макароны,136,Бакалея,19:20
Байдаков_25,Сидр,275,Алкоголь,4:00
Байдаков_25,Сигареты,103,Сигареты,4:01
Байдаков_26,Пиво,730,Алкоголь,0:50
Байдаков_26,Чипсы,131,Фастфуд,0:51
Байдаков_27,Фарш,418,Еда,18:00
Байдаков_27,Томаты,172,Еда,18:00
Байдаков_28,Сидр,269,Алкоголь,3:35
Байдаков_28,Сигареты,101,Сигареты,3:36
Байдаков_29,Пиво,720,Алкоголь,1:55
Байдаков_29,Сухарики,90,Фастфуд,1:56
Байдаков_30,Фарш,412,Еда,17:30
Байдаков_30,Курица,385,Еда,17:30
Байдаков_31,Сидр,273,Алкоголь,4:45
Байдаков_31,Сигареты,104,Сигареты,4:46
Байдаков_32,Пиво,740,Алкоголь,23:30
Байдаков_32,Чипсы,134,Фастфуд,23:31
Байдаков_33,Фарш,408,Еда,18:50
Байдаков_33,Макароны,134,Бакалея,18:50
Байдаков_34,Сидр,277,Алкоголь,3:20
Байдаков_34,Сигареты,102,Сигареты,3:21
Байдаков_35,Пиво,1450,Алкоголь,0:20
Байдаков_35,Чипсы,129,Фастфуд,0:21
Байдаков_36,Фарш,422,Еда,19:10
Байдаков_36,Курица,378,Еда,19:10
Байдаков_37,Сидр,271,Алкоголь,4:05
Байдаков_37,Сигареты,103,Сигареты,4:06
Байдаков_38,Пиво,725,Алкоголь,1:00
Байдаков_38,Сухарики,88,Фастфуд,1:01
Байдаков_39,Фарш,416,Еда,17:20
Байдаков_39,Томаты,175,Еда,17:20
Байдаков_40,Сидр,274,Алкоголь,3:50
Байдаков_40,Сигареты,101,Сигареты,3:51
Байдаков_41,Пиво,735,Алкоголь,23:00
Байдаков_41,Чипсы,132,Фастфуд,23:01
Байдаков_42,Фарш,410,Еда,18:35
Байдаков_42,Макароны,137,Бакалея,18:35
Байдаков_43,Сидр,276,Алкоголь,4:25
Байдаков_43,Сигареты,104,Сигареты,4:26
Байдаков_44,Пиво,720,Алкоголь,0:30
Байдаков_44,Сухарики,90,Фастфуд,0:31
Байдаков_45,Фарш,419,Еда,19:00
Байдаков_45,Курица,382,Еда,19:00
Байдаков_46,Сидр,269,Алкоголь,3:10
Байдаков_46,Сигареты,100,Сигареты,3:11
Байдаков_47,Пиво,730,Алкоголь,23:40
Байдаков_47,Чипсы,130,Фастфуд,23:41
Байдаков_48,Фарш,414,Еда,18:10
Байдаков_48,Томаты,168,Еда,18:10
Байдаков_49,Сидр,272,Алкоголь,4:15
Байдаков_49,Сигареты,102,Сигареты,4:16
Байдаков_50,Пиво,1450,Алкоголь,1:20
Байдаков_50,Чипсы,133,Фастфуд,1:21
Байдаков_50,Сухарики,91,Фастфуд,1:22
Бромберг_1,Сыр,610,Еда,19:10
Бромберг_1,Колбаса,350,Еда,19:10
Бромберг_1,Хлеб,60,Еда,19:10
Бромберг_1,Сметана,92,Еда,19:10
Бромберг_2,Сыр,595,Еда,18:30
Бромберг_2,Колбаса,360,Еда,18:30
Бромберг_2,Хлеб,62,Еда,18:30
Бромберг_3,Сыр,620,Еда,19:25
Бромберг_3,Колбаса,345,Еда,19:25
Бромберг_3,Кефир,90,Напитки,19:25
Бромберг_4,Сыр,580,Еда,17:45
Бромберг_4,Сосиски,320,Еда,17:45
Бромберг_5,Сыр,605,Еда,18:50
Бромберг_5,Хлеб,58,Еда,18:50
Бромберг_6,Колбаса,355,Еда,19:00
Бромберг_6,Сметана,90,Еда,19:00
Бромберг_7,Сыр,615,Еда,18:20
Бромберг_7,Колбаса,350,Еда,18:20
Бромберг_7,Хлеб,63,Еда,18:20
Бромберг_8,Сыр,600,Еда,19:30
Бромберг_8,Кефир,92,Напитки,19:30
Бромберг_9,Сыр,610,Еда,17:55
Бромберг_9,Сосиски,315,Еда,17:55
Бромберг_10,Колбаса,360,Еда,18:45
Бромберг_10,Сметана,94,Еда,18:45
Бромберг_11,Сыр,605,Еда,19:15
Бромберг_11,Хлеб,60,Еда,19:15
Бромберг_12,Сыр,620,Еда,18:10
Бромберг_12,Колбаса,345,Еда,18:10
Бромберг_13,Кефир,89,Напитки,19:40
Бромберг_13,Сметана,91,Еда,19:40
Бромберг_14,Сыр,590,Еда,17:35
Бромберг_14,Сосиски,325,Еда,17:35
Бромберг_15,Колбаса,355,Еда,18:55
Бромберг_15,Хлеб,61,Еда,18:55
Бромберг_16,Сыр,615,Еда,19:05
Бромберг_16,Кефир,90,Напитки,19:05
Бромберг_17,Сыр,600,Еда,18:25
Бромберг_17,Сметана,93,Еда,18:25
Бромберг_18,Колбаса,350,Еда,19:20
Бромберг_18,Хлеб,59,Еда,19:20
Бромберг_19,Сыр,610,Еда,17:50
Бромберг_19,Сосиски,318,Еда,17:50
Бромберг_20,Сыр,605,Еда,18:40
Бромберг_20,Кефир,91,Напитки,18:40
Бромберг_21,Колбаса,360,Еда,19:10
Бромберг_21,Сметана,92,Еда,19:10
Бромберг_22,Сыр,620,Еда,18:15
Бромберг_22,Хлеб,62,Еда,18:15
Бромберг_23,Сыр,595,Еда,19:35
Бромберг_23,Сосиски,320,Еда,19:35
Бромберг_24,Колбаса,345,Еда,18:05
Бромберг_24,Кефир,88,Напитки,18:05
Бромберг_25,Сыр,610,Еда,19:25
Бромберг_25,Сметана,90,Еда,19:25
Бромберг_26,Сыр,600,Еда,17:45
Бромберг_26,Хлеб,60,Еда,17:45
Бромберг_27,Колбаса,355,Еда,18:50
Бромберг_27,Сосиски,315,Еда,18:50
Бромберг_28,Сыр,615,Еда,19:00
Бромберг_28,Кефир,92,Напитки,19:00
Бромберг_29,Сыр,605,Еда,18:30
Бромберг_29,Сметана,91,Еда,18:30
Бромберг_30,Колбаса,350,Еда,19:15
Бромберг_30,Хлеб,61,Еда,19:15
Бромберг_31,Сыр,620,Еда,17:55
Бромберг_31,Сосиски,322,Еда,17:55
Бромберг_32,Сыр,590,Еда,18:20
Бромберг_32,Кефир,90,Напитки,18:20
Бромберг_33,Колбаса,360,Еда,19:40
Бромберг_33,Сметана,93,Еда,19:40
Бромберг_34,Сыр,610,Еда,18:10
Бромберг_34,Хлеб,58,Еда,18:10
Бромберг_35,Сыр,600,Еда,19:30
Бромберг_35,Сосиски,318,Еда,19:30
Бромберг_36,Колбаса,345,Еда,18:45
Бромберг_36,Кефир,89,Напитки,18:45
Бромберг_37,Сыр,615,Еда,19:05
Бромберг_37,Сметана,92,Еда,19:05
Бромберг_38,Сыр,605,Еда,17:40
Бромберг_38,Хлеб,62,Еда,17:40
Бромберг_39,Колбаса,355,Еда,18:55
Бромберг_39,Сосиски,320,Еда,18:55
Бромберг_40,Сыр,620,Еда,19:20
Бромберг_40,Кефир,91,Напитки,19:20
Бромберг_41,Сыр,595,Еда,18:25
Бромберг_41,Сметана,90,Еда,18:25
Бромберг_42,Колбаса,350,Еда,19:10
Бромберг_42,Хлеб,60,Еда,19:10
Бромберг_43,Сыр,610,Еда,17:50
Бромберг_43,Сосиски,315,Еда,17:50
Бромберг_44,Сыр,600,Еда,18:35
Бромберг_44,Кефир,92,Напитки,18:35
Бромберг_45,Колбаса,360,Еда,19:45
Бромберг_45,Сметана,93,Еда,19:45
Бромберг_46,Сыр,615,Еда,18:15
Бромберг_46,Хлеб,61,Еда,18:15
Бромберг_47,Сыр,605,Еда,19:25
Бромберг_47,Сосиски,322,Еда,19:25
Бромберг_48,Колбаса,345,Еда,18:05
Бромберг_48,Кефир,90,Напитки,18:05
Бромберг_49,Сыр,620,Еда,19:35
Бромберг_49,Сметана,91,Еда,19:35
Бромберг_50,Сыр,610,Еда,18:40
Бромберг_50,Колбаса,350,Еда,18:40
Бромберг_50,Хлеб,62,Еда,18:40
Варданян_1,Курица,385,Еда,16:30
Варданян_1,Гречка,128,Бакалея,16:30
Варданян_1,Творог,208,Еда,16:30
Варданян_1,Протеиновое печенье,96,Сладости,16:30
Варданян_2,Курица,375,Еда,15:20
Варданян_2,Рис,115,Бакалея,15:20
Варданян_2,Творог,205,Еда,15:20
Варданян_3,Булгур,132,Бакалея,16:45
Варданян_3,Курица,390,Еда,16:45
Варданян_3,Протеиновое печенье,97,Сладости,16:45
Варданян_4,Гречка,126,Бакалея,15:10
Варданян_4,Курица,380,Еда,15:10
Варданян_4,Творог,210,Еда,15:10
Варданян_5,Рис,112,Бакалея,16:20
Варданян_5,Курица,385,Еда,16:20
Варданян_5,Протеиновое печенье,95,Сладости,16:20
Варданян_6,Булгур,130,Бакалея,15:40
Варданян_6,Курица,378,Еда,15:40
Варданян_6,Творог,207,Еда,15:40
Варданян_7,Гречка,129,Бакалея,16:55
Варданян_7,Курица,392,Еда,16:55
Варданян_7,Протеиновое печенье,98,Сладости,16:55
Варданян_8,Рис,118,Бакалея,15:15
Варданян_8,Курица,370,Еда,15:15
Варданян_8,Творог,208,Еда,15:15
Варданян_9,Булгур,135,Бакалея,16:30
Варданян_9,Курица,388,Еда,16:30
Варданян_9,Протеиновое печенье,94,Сладости,16:30
Варданян_10,Гречка,127,Бакалея,15:50
Варданян_10,Курица,382,Еда,15:50
Варданян_10,Творог,206,Еда,15:50
Варданян_11,Рис,114,Бакалея,16:15
Варданян_11,Курица,388,Еда,16:15
Варданян_11,Протеиновое печенье,97,Сладости,16:15
Варданян_12,Булгур,133,Бакалея,15:30
Варданян_12,Курица,376,Еда,15:30
Варданян_12,Творог,209,Еда,15:30
Варданян_13,Гречка,125,Бакалея,17:00
Варданян_13,Курица,391,Еда,17:00
Варданян_13,Протеиновое печенье,95,Сладости,17:00
Варданян_14,Рис,116,Бакалея,14:45
Варданян_14,Курица,379,Еда,14:45
Варданян_14,Творог,207,Еда,14:45
Варданян_15,Булгур,131,Бакалея,16:40
Варданян_15,Курица,385,Еда,16:40
Варданян_15,Протеиновое печенье,98,Сладости,16:40
Варданян_16,Гречка,128,Бакалея,15:05
Варданян_16,Курица,384,Еда,15:05
Варданян_16,Творог,205,Еда,15:05
Варданян_17,Рис,113,Бакалея,16:55
Варданян_17,Курица,390,Еда,16:55
Варданян_17,Протеиновое печенье,96,Сладости,16:55
Варданян_18,Булгур,134,Бакалея,15:20
Варданян_18,Курица,377,Еда,15:20
Варданян_18,Творог,208,Еда,15:20
Варданян_19,Гречка,126,Бакалея,17:10
Варданян_19,Курица,389,Еда,17:10
Варданян_19,Протеиновое печенье,94,Сладости,17:10
Варданян_20,Рис,117,Бакалея,14:30
Варданян_20,Курица,381,Еда,14:30
Варданян_20,Творог,210,Еда,14:30
Варданян_21,Курица,386,Еда,16:00
Варданян_21,Гречка,129,Бакалея,16:00
Варданян_21,Протеиновое печенье,97,Сладости,16:00
Варданян_22,Творог,206,Еда,15:35
Варданян_22,Булгур,132,Бакалея,15:35
Варданян_22,Курица,383,Еда,15:35
Варданян_23,Рис,115,Бакалея,16:25
Варданян_23,Курица,387,Еда,16:25
Варданян_24,Гречка,127,Бакалея,15:55
Варданян_24,Протеиновое печенье,95,Сладости,15:55
Варданян_24,Курица,380,Еда,15:55
Варданян_25,Творог,208,Еда,16:45
Варданян_25,Рис,118,Бакалея,16:45
Варданян_25,Курица,392,Еда,16:45
Варданян_26,Булгур,130,Бакалея,15:10
Варданян_26,Курица,378,Еда,15:10
Варданян_26,Протеиновое печенье,98,Сладости,15:10
Варданян_27,Гречка,128,Бакалея,17:20
Варданян_27,Курица,385,Еда,17:20
Варданян_28,Рис,114,Бакалея,14:55
Варданян_28,Творог,207,Еда,14:55
Варданян_28,Курица,379,Еда,14:55
Варданян_29,Протеиновое печенье,96,Сладости,16:10
Варданян_29,Булгур,133,Бакалея,16:10
Варданян_29,Курица,390,Еда,16:10
Варданян_30,Гречка,126,Бакалея,15:45
Варданян_30,Курица,384,Еда,15:45
Варданян_30,Творог,205,Еда,15:45
Варданян_31,Рис,116,Бакалея,16:35
Варданян_31,Курица,388,Еда,16:35
Варданян_32,Булгур,131,Бакалея,15:25
Варданян_32,Протеиновое печенье,97,Сладости,15:25
Варданян_32,Курица,382,Еда,15:25
Варданян_33,Гречка,129,Бакалея,17:05
Варданян_33,Творог,209,Еда,17:05
Варданян_34,Рис,113,Бакалея,14:40
Варданян_34,Курица,386,Еда,14:40
Варданян_35,Протеиновое печенье,95,Сладости,16:20
Варданян_35,Булгур,134,Бакалея,16:20
Варданян_36,Курица,381,Еда,15:00
Варданян_36,Гречка,127,Бакалея,15:00
Варданян_37,Творог,206,Еда,16:50
Варданян_37,Рис,117,Бакалея,16:50
Варданян_38,Курица,389,Еда,15:15
Варданян_38,Протеиновое печенье,98,Сладости,15:15
Варданян_39,Булгур,132,Бакалея,17:15
Варданян_39,Курица,377,Еда,17:15
Варданян_40,Гречка,125,Бакалея,15:40
Варданян_40,Творог,208,Еда,15:40
Варданян_41,Рис,115,Бакалея,16:05
Варданян_41,Курица,383,Еда,16:05
Варданян_42,Протеиновое печенье,96,Сладости,14:50
Варданян_42,Булгур,130,Бакалея,14:50
Варданян_43,Курица,390,Еда,16:30
Варданян_43,Гречка,128,Бакалея,16:30
Варданян_44,Творог,207,Еда,15:55
Варданян_44,Рис,114,Бакалея,15:55
Варданян_45,Курица,385,Еда,17:25
Варданян_45,Протеиновое печенье,94,Сладости,17:25
Варданян_46,Булгур,133,Бакалея,15:20
Варданян_46,Курица,379,Еда,15:20
Варданян_47,Гречка,126,Бакалея,16:45
Варданян_47,Творог,210,Еда,16:45
Варданян_48,Рис,118,Бакалея,14:35
Варданян_48,Курица,387,Еда,14:35
Варданян_49,Протеиновое печенье,97,Сладости,16:10
Варданян_49,Булгур,131,Бакалея,16:10
Варданян_50,Курица,384,Еда,15:05
Варданян_50,Гречка,129,Бакалея,15:05
Варданян_50,Творог,206,Еда,15:05
Волков_1,Шоколад,890,Сладости,18:30
Волков_1,Круассаны,202,Сладости,18:30
Волков_1,Торт,1200,Сладости,18:30
Волков_2,Шоколад,860,Сладости,19:15
Волков_2,Пирожное,680,Сладости,19:15
Волков_3,Круассаны,198,Сладости,17:50
Волков_3,Торт,1160,Сладости,17:50
Волков_4,Шоколад,900,Сладости,18:45
Волков_4,Круассаны,205,Сладости,18:45
Волков_5,Пирожное,670,Сладости,19:20
Волков_5,Торт,1180,Сладости,19:20
Волков_6,Шоколад,880,Сладости,18:10
Волков_6,Круассаны,200,Сладости,18:10
Волков_7,Торт,1220,Сладости,19:35
Волков_7,Шоколад,870,Сладости,19:35
Волков_8,Пирожное,690,Сладости,17:40
Волков_8,Круассаны,195,Сладости,17:40
Волков_9,Шоколад,910,Сладости,18:55
Волков_9,Торт,1190,Сладости,18:55
Волков_10,Круассаны,204,Сладости,19:00
Волков_10,Пирожное,675,Сладости,19:00
Волков_11,Шоколад,885,Сладости,18:20
Волков_11,Круассаны,200,Сладости,18:20
Волков_11,Торт,1170,Сладости,18:20
Волков_12,Пирожное,680,Сладости,19:10
Волков_12,Шоколад,895,Сладости,19:10
Волков_13,Круассаны,198,Сладости,17:55
Волков_13,Торт,1210,Сладости,17:55
Волков_14,Шоколад,875,Сладости,18:40
Волков_14,Пирожное,665,Сладости,18:40
Волков_15,Круассаны,205,Сладости,19:25
Волков_15,Торт,1190,Сладости,19:25
Волков_16,Шоколад,905,Сладости,18:15
Волков_16,Круассаны,199,Сладости,18:15
Волков_17,Торт,1180,Сладости,19:45
Волков_17,Пирожное,685,Сладости,19:45
Волков_18,Шоколад,880,Сладости,18:05
Волков_18,Круассаны,202,Сладости,18:05
Волков_19,Торт,1200,Сладости,19:30
Волков_19,Шоколад,890,Сладости,19:30
Волков_20,Пирожное,670,Сладости,17:35
Волков_20,Круассаны,200,Сладости,17:35
Волков_21,Шоколад,900,Сладости,18:50
Волков_21,Торт,1160,Сладости,18:50
Волков_22,Круассаны,204,Сладости,19:05
Волков_22,Пирожное,675,Сладости,19:05
Волков_23,Шоколад,870,Сладости,18:25
Волков_23,Торт,1220,Сладости,18:25
Волков_24,Круассаны,197,Сладости,19:40
Волков_24,Шоколад,885,Сладости,19:40
Волков_25,Пирожное,690,Сладости,17:50
Волков_25,Торт,1175,Сладости,17:50
Волков_26,Шоколад,910,Сладости,18:35
Волков_26,Круассаны,201,Сладости,18:35
Волков_27,Торт,1195,Сладости,19:15
Волков_27,Пирожное,665,Сладости,19:15
Волков_28,Шоколад,880,Сладости,18:10
Волков_28,Круассаны,203,Сладости,18:10
Волков_29,Торт,1210,Сладости,19:55
Волков_29,Шоколад,895,Сладости,19:55
Волков_30,Пирожное,680,Сладости,17:45
Волков_30,Круассаны,199,Сладости,17:45
Волков_31,Шоколад,905,Сладости,18:45
Волков_31,Торт,1180,Сладости,18:45
Волков_32,Круассаны,200,Сладости,19:20
Волков_32,Пирожное,670,Сладости,19:20
Волков_33,Шоколад,890,Сладости,18:00
Волков_33,Торт,1200,Сладости,18:00
Волков_34,Круассаны,205,Сладости,19:35
Волков_34,Шоколад,875,Сладости,19:35
Волков_35,Пирожное,685,Сладости,17:55
Волков_35,Торт,1165,Сладости,17:55
Волков_36,Шоколад,900,Сладости,18:30
Волков_36,Круассаны,198,Сладости,18:30
Волков_37,Торт,1190,Сладости,19:10
Волков_37,Пирожное,675,Сладости,19:10
Волков_38,Шоколад,885,Сладости,18:20
Волков_38,Круассаны,202,Сладости,18:20
Волков_39,Торт,1215,Сладости,19:50
Волков_39,Шоколад,910,Сладости,19:50
Волков_40,Пирожное,670,Сладости,17:40
Волков_40,Круассаны,200,Сладости,17:40
Волков_41,Шоколад,895,Сладости,18:55
Волков_41,Торт,1175,Сладости,18:55
Волков_42,Круассаны,204,Сладости,19:25
Волков_42,Пирожное,680,Сладости,19:25
Волков_43,Шоколад,880,Сладости,18:15
Волков_43,Торт,1205,Сладости,18:15
Волков_44,Круассаны,199,Сладости,19:05
Волков_44,Шоколад,890,Сладости,19:05
Волков_45,Пирожное,665,Сладости,17:30
Волков_45,Торт,1185,Сладости,17:30
Волков_46,Шоколад,905,Сладости,18:40
Волков_46,Круассаны,201,Сладости,18:40
Волков_47,Торт,1195,Сладости,19:45
Волков_47,Пирожное,675,Сладости,19:45
Волков_48,Шоколад,875,Сладости,18:05
Волков_48,Круассаны,203,Сладости,18:05
Волков_49,Торт,1210,Сладости,19:20
Волков_49,Шоколад,900,Сладости,19:20
Волков_50,Пирожное,685,Сладости,17:55
Волков_50,Круассаны,200,Сладости,17:55
Волков_50,Торт,1180,Сладости,17:55
Вренев_1,Бургер,390,Фастфуд,15:20
Вренев_1,Картофель фри,108,Фастфуд,15:20
Вренев_1,Кола,132,Напитки,15:20
Вренев_2,Наггетсы,280,Фастфуд,14:45
Вренев_2,Кола,130,Напитки,14:45
Вренев_3,Бургер,350,Фастфуд,16:10
Вренев_3,Картофель фри,105,Фастфуд,16:10
Вренев_4,Мороженое,220,Сладости,13:30
Вренев_4,Кола,128,Напитки,13:30
Вренев_5,Бургер,380,Фастфуд,17:00
Вренев_5,Наггетсы,275,Фастфуд,17:00
Вренев_6,Картофель фри,110,Фастфуд,12:55
Вренев_6,Кола,135,Напитки,12:55
Вренев_7,Бургер,360,Фастфуд,15:40
Вренев_7,Мороженое,215,Сладости,15:40
Вренев_8,Наггетсы,285,Фастфуд,16:25
Вренев_8,Кола,133,Напитки,16:25
Вренев_9,Бургер,395,Фастфуд,14:15
Вренев_9,Картофель фри,107,Фастфуд,14:15
Вренев_10,Мороженое,225,Сладости,17:35
Вренев_10,Кола,129,Напитки,17:35
Вренев_11,Бургер,370,Фастфуд,15:50
Вренев_11,Картофель фри,106,Фастфуд,15:50
Вренев_11,Кола,131,Напитки,15:50
Вренев_12,Наггетсы,278,Фастфуд,13:40
Вренев_12,Мороженое,218,Сладости,13:40
Вренев_13,Бургер,385,Фастфуд,16:30
Вренев_13,Кола,134,Напитки,16:30
Вренев_14,Картофель фри,109,Фастфуд,14:20
Вренев_14,Наггетсы,282,Фастфуд,14:20
Вренев_15,Бургер,375,Фастфуд,17:15
Вренев_15,Мороженое,220,Сладости,17:15
Вренев_16,Кола,130,Напитки,12:45
Вренев_16,Картофель фри,105,Фастфуд,12:45
Вренев_17,Бургер,392,Фастфуд,15:05
Вренев_17,Наггетсы,280,Фастфуд,15:05
Вренев_18,Мороженое,223,Сладости,16:55
Вренев_18,Кола,132,Напитки,16:55
Вренев_19,Бургер,365,Фастфуд,14:35
Вренев_19,Картофель фри,108,Фастфуд,14:35
Вренев_20,Наггетсы,285,Фастфуд,17:40
Вренев_20,Кола,129,Напитки,17:40
Вренев_21,Бургер,388,Фастфуд,15:25
Вренев_21,Мороженое,219,Сладости,15:25
Вренев_22,Картофель фри,107,Фастфуд,13:10
Вренев_22,Кола,133,Напитки,13:10
Вренев_23,Наггетсы,279,Фастфуд,16:15
Вренев_23,Бургер,380,Фастфуд,16:15
Вренев_24,Мороженое,221,Сладости,18:00
Вренев_25,Кола,128,Напитки,18:00
Вренев_26,Бургер,372,Фастфуд,14:50
Вренев_26,Картофель фри,110,Фастфуд,14:50
Вренев_27,Наггетсы,283,Фастфуд,15:55
Вренев_27,Кола,135,Напитки,15:55
Вренев_28,Бургер,395,Фастфуд,17:20
Вренев_28,Мороженое,225,Сладости,17:20
Вренев_29,Картофель фри,106,Фастфуд,13:25
Вренев_29,Кола,130,Напитки,13:25
Вренев_30,Бургер,378,Фастфуд,16:40
Вренев_30,Наггетсы,281,Фастфуд,16:40
Вренев_31,Мороженое,217,Сладости,14:05
Вренев_31,Кола,131,Напитки,14:05
Вренев_32,Бургер,382,Фастфуд,15:35
Вренев_32,Картофель фри,109,Фастфуд,15:35
Вренев_33,Наггетсы,277,Фастфуд,17:05
Вренев_33,Кола,134,Напитки,17:05
Вренев_34,Бургер,390,Фастфуд,16:00
Вренев_34,Мороженое,222,Сладости,16:00
Вренев_35,Картофель фри,108,Фастфуд,13:50
Вренев_35,Кола,129,Напитки,13:50
Вренев_36,Бургер,375,Фастфуд,15:10
Вренев_36,Наггетсы,284,Фастфуд,15:10
Вренев_37,Мороженое,220,Сладости,17:50
Вренев_37,Кола,132,Напитки,17:50
Вренев_38,Бургер,385,Фастфуд,14:30
Вренев_38,Картофель фри,107,Фастфуд,14:30
Вренев_39,Наггетсы,280,Фастфуд,16:20
Вренев_39,Кола,130,Напитки,16:20
Вренев_40,Бургер,388,Фастфуд,15:45
Вренев_40,Мороженое,224,Сладости,15:45
Вренев_41,Картофель фри,105,Фастфуд,13:15
Вренев_41,Кола,133,Напитки,13:15
Вренев_42,Бургер,370,Фастфуд,17:30
Вренев_42,Наггетсы,282,Фастфуд,17:30
Вренев_43,Мороженое,218,Сладости,14:55
Вренев_43,Кола,131,Напитки,14:55
Вренев_44,Бургер,392,Фастфуд,16:35
Вренев_44,Картофель фри,110,Фастфуд,16:35
Вренев_45,Наггетсы,279,Фастфуд,15:00
Вренев_45,Кола,128,Напитки,15:00
Вренев_46,Бургер,380,Фастфуд,17:10
Вренев_46,Мороженое,221,Сладости,17:10
Вренев_47,Картофель фри,108,Фастфуд,13:25
Вренев_47,Кола,135,Напитки,13:25
Вренев_48,Бургер,377,Фастфуд,16:50
Вренев_48,Наггетсы,285,Фастфуд,16:50
Вренев_49,Мороженое,219,Сладости,14:40
Вренев_49,Кола,130,Напитки,14:40
Вренев_50,Бургер,390,Фастфуд,15:55
Вренев_50,Картофель фри,109,Фастфуд,15:55
Вренев_50,Кола,132,Напитки,15:55
Гилязетдинов_1,Молоко,110,Напитки,10:15
Гилязетдинов_1,Хлеб,65,Еда,10:15
Гилязетдинов_1,Яйца,120,Еда,10:15
Гилязетдинов_1,Курица,375,Еда,10:15
Гилязетдинов_2,Кефир,95,Напитки,11:30
Гилязетдинов_2,Творог,200,Еда,11:30
Гилязетдинов_2,Гречка,130,Бакалея,11:30
Гилязетдинов_3,Рис,115,Бакалея,9:45
Гилязетдинов_3,Курица,370,Еда,9:45
Гилязетдинов_3,Овсянка,90,Еда,9:45
Гилязетдинов_4,Молоко,108,Напитки,10:50
Гилязетдинов_4,Яйца,118,Еда,10:50
Гилязетдинов_4,Хлеб,68,Еда,10:50
Гилязетдинов_5,Йогурт,85,Напитки,12:10
Гилязетдинов_5,Овсянка,90,Еда,12:10
Гилязетдинов_5,Творог,202,Еда,12:10
Гилязетдинов_6,Гречка,128,Бакалея,11:20
Гилязетдинов_6,Курица,375,Еда,11:20
Гилязетдинов_6,Молоко,112,Напитки,11:20
Гилязетдинов_7,Кефир,93,Напитки,10:05
Гилязетдинов_7,Рис,112,Бакалея,10:05
Гилязетдинов_7,Яйца,119,Еда,10:05
Гилязетдинов_8,Хлеб,66,Еда,9:30
Гилязетдинов_8,Творог,205,Еда,9:30
Гилязетдинов_8,Курица,372,Еда,9:30
Гилязетдинов_9,Молоко,109,Напитки,11:55
Гилязетдинов_9,Овсянка,88,Еда,11:55
Гилязетдинов_9,Яйца,117,Еда,11:55
Гилязетдинов_10,Гречка,130,Бакалея,10:40
Гилязетдинов_10,Кефир,94,Напитки,10:40
Гилязетдинов_10,Рис,116,Бакалея,10:40
Гилязетдинов_11,Творог,198,Еда,12:25
Гилязетдинов_11,Курица,378,Еда,12:25
Гилязетдинов_11,Хлеб,64,Еда,12:25
Гилязетдинов_12,Молоко,111,Напитки,9:15
Гилязетдинов_12,Яйца,121,Еда,9:15
Гилязетдинов_12,Овсянка,92,Еда,9:15
Гилязетдинов_13,Йогурт,82,Напитки,11:05
Гилязетдинов_13,Гречка,127,Бакалея,11:05
Гилязетдинов_13,Творог,203,Еда,11:05
Гилязетдинов_14,Курица,374,Еда,10:20
Гилязетдинов_14,Рис,114,Бакалея,10:20
Гилязетдинов_14,Кефир,91,Напитки,10:20
Гилязетдинов_15,Молоко,113,Напитки,12:45
Гилязетдинов_15,Хлеб,67,Еда,12:45
Гилязетдинов_15,Яйца,116,Еда,12:45
Гилязетдинов_16,Овсянка,89,Еда,9:55
Гилязетдинов_16,Творог,206,Еда,9:55
Гилязетдинов_16,Гречка,129,Бакалея,9:55
Гилязетдинов_17,Курица,376,Еда,11:35
Гилязетдинов_17,Рис,113,Бакалея,11:35
Гилязетдинов_17,Йогурт,86,Напитки,11:35
Гилязетдинов_18,Молоко,107,Напитки,10:10
Гилязетдинов_18,Яйца,119,Еда,10:10
Гилязетдинов_18,Хлеб,65,Еда,10:10
Гилязетдинов_19,Кефир,94,Напитки,12:00
Гилязетдинов_19,Творог,204,Еда,12:00
Гилязетдинов_19,Овсянка,91,Еда,12:00
Гилязетдинов_20,Гречка,126,Бакалея,11:15
Гилязетдинов_20,Курица,380,Еда,11:15
Гилязетдинов_20,Рис,117,Бакалея,11:15
Гилязетдинов_21,Молоко,110,Напитки,10:35
Гилязетдинов_21,Яйца,120,Еда,10:35
Гилязетдинов_21,Творог,201,Еда,10:35
Гилязетдинов_22,Кефир,95,Напитки,11:50
Гилязетдинов_22,Овсянка,90,Еда,11:50
Гилязетдинов_22,Хлеб,66,Еда,11:50
Гилязетдинов_23,Курица,373,Еда,9:40
Гилязетдинов_23,Гречка,130,Бакалея,9:40
Гилязетдинов_23,Рис,115,Бакалея,9:40
Гилязетдинов_24,Йогурт,84,Напитки,12:15
Гилязетдинов_24,Творог,207,Еда,12:15
Гилязетдинов_25,Молоко,112,Напитки,10:55
Гилязетдинов_25,Яйца,118,Еда,10:55
Гилязетдинов_25,Курица,377,Еда,10:55
Гилязетдинов_26,Кефир,92,Напитки,11:25
Гилязетдинов_26,Овсянка,88,Еда,11:25
Гилязетдинов_26,Хлеб,64,Еда,11:25
Гилязетдинов_27,Гречка,129,Бакалея,10:00
Гилязетдинов_27,Рис,114,Бакалея,10:00
Гилязетдинов_27,Творог,205,Еда,10:00
Гилязетдинов_28,Курица,379,Еда,11:45
Гилязетдинов_28,Молоко,109,Напитки,11:45
Гилязетдинов_29,Яйца,121,Еда,9:20
Гилязетдинов_29,Хлеб,67,Еда,9:20
Гилязетдинов_29,Йогурт,87,Напитки,9:20
Гилязетдинов_30,Овсянка,91,Еда,12:30
Гилязетдинов_30,Кефир,93,Напитки,12:30
Гилязетдинов_30,Творог,203,Еда,12:30
Гилязетдинов_31,Гречка,127,Бакалея,10:45
Гилязетдинов_31,Курица,374,Еда,10:45
Гилязетдинов_32,Рис,116,Бакалея,11:10
Гилязетдинов_32,Молоко,111,Напитки,11:10
Гилязетдинов_33,Яйца,119,Еда,9:55
Гилязетдинов_33,Хлеб,65,Еда,9:55
Гилязетдинов_34,Творог,206,Еда,12:20
Гилязетдинов_34,Овсянка,89,Еда,12:20
Гилязетдинов_35,Кефир,94,Напитки,10:30
Гилязетдинов_35,Гречка,128,Бакалея,10:30
Гилязетдинов_36,Курица,376,Еда,11:00
Гилязетдинов_36,Рис,113,Бакалея,11:00
Гилязетдинов_37,Молоко,110,Напитки,10:05
Гилязетдинов_37,Яйца,120,Еда,10:05
Гилязетдинов_38,Йогурт,85,Напитки,11:55
Гилязетдинов_38,Творог,204,Еда,11:55
Гилязетдинов_39,Овсянка,90,Еда,9:35
Гилязетдинов_39,Хлеб,66,Еда,9:35
Гилязетдинов_40,Гречка,130,Бакалея,12:05
Гилязетдинов_40,Курица,380,Еда,12:05
Гилязетдинов_41,Рис,115,Бакалея,10:20
Гилязетдинов_41,Кефир,92,Напитки,10:20
Гилязетдинов_42,Молоко,108,Напитки,11:40
Гилязетдинов_42,Яйца,118,Еда,11:40
Гилязетдинов_43,Творог,200,Еда,9:50
Гилязетдинов_43,Овсянка,88,Еда,9:50
Гилязетдинов_44,Хлеб,64,Еда,12:35
Гилязетдинов_44,Йогурт,86,Напитки,12:35
Гилязетдинов_45,Курица,378,Еда,10:15
Гилязетдинов_45,Гречка,129,Бакалея,10:15
Гилязетдинов_46,Рис,117,Бакалея,11:25
Гилязетдинов_46,Молоко,112,Напитки,11:25
Гилязетдинов_47,Яйца,119,Еда,9:25
Гилязетдинов_47,Кефир,95,Напитки,9:25
Гилязетдинов_48,Творог,207,Еда,12:10
Гилязетдинов_48,Овсянка,91,Еда,12:10
Гилязетдинов_49,Хлеб,67,Еда,10:55
Гилязетдинов_49,Курица,375,Еда,10:55
Гилязетдинов_50,Гречка,128,Бакалея,11:45
Гилязетдинов_50,Рис,114,Бакалея,11:45
Гилязетдинов_50,Молоко,110,Напитки,11:45
Гилязетдинов_50,Творог,205,Еда,11:45
Головинкина_1,Йогурт,88,Напитки,14:20
Головинкина_1,Овсяные хлопья,132,Еда,14:20
Головинкина_1,Творог,200,Еда,14:20
Головинкина_1,Бананы,178,Еда,14:20
Головинкина_2,Курица,365,Еда,15:10
Головинкина_2,Гречка,128,Бакалея,15:10
Головинкина_2,Яйца,118,Еда,15:10
Головинкина_3,Кефир,92,Напитки,13:45
Головинкина_3,Молоко,108,Напитки,13:45
Головинкина_3,Овсяные хлопья,130,Еда,13:45
Головинкина_4,Творог,195,Еда,16:05
Головинкина_4,Бананы,182,Еда,16:05
Головинкина_4,Рис,112,Бакалея,16:05
Головинкина_5,Курица,370,Еда,14:55
Головинкина_5,Йогурт,85,Напитки,14:55
Головинкина_5,Яйца,120,Еда,14:55
Головинкина_6,Гречка,126,Бакалея,15:30
Головинкина_6,Овсяные хлопья,134,Еда,15:30
Головинкина_6,Бананы,175,Еда,15:30
Головинкина_7,Кефир,94,Напитки,13:20
Головинкина_7,Творог,202,Еда,13:20
Головинкина_7,Молоко,110,Напитки,13:20
Головинкина_8,Курица,368,Еда,16:25
Головинкина_8,Рис,115,Бакалея,16:25
Головинкина_8,Яйца,116,Еда,16:25
Головинкина_9,Йогурт,87,Напитки,14:40
Головинкина_9,Бананы,180,Еда,14:40
Головинкина_9,Овсяные хлопья,129,Еда,14:40
Головинкина_10,Гречка,130,Бакалея,15:15
Головинкина_10,Творог,198,Еда,15:15
Головинкина_11,Молоко,107,Напитки,13:55
Головинкина_11,Кефир,93,Напитки,13:55
Головинкина_11,Яйца,119,Еда,13:55
Головинкина_12,Курица,372,Еда,16:10
Головинкина_12,Рис,114,Бакалея,16:10
Головинкина_12,Бананы,177,Еда,16:10
Головинкина_13,Овсяные хлопья,131,Еда,14:30
Головинкина_13,Йогурт,86,Напитки,14:30
Головинкина_14,Творог,205,Еда,15:45
Головинкина_14,Гречка,127,Бакалея,15:45
Головинкина_15,Молоко,109,Напитки,13:35
Головинкина_15,Кефир,91,Напитки,13:35
Головинкина_15,Бананы,179,Еда,13:35
Головинкина_16,Курица,375,Еда,16:40
Головинкина_16,Яйца,117,Еда,16:40
Головинкина_17,Рис,113,Бакалея,14:15
Головинкина_17,Овсяные хлопья,133,Еда,14:15
Головинкина_18,Творог,200,Еда,15:20
Головинкина_18,Йогурт,88,Напитки,15:20
Головинкина_19,Гречка,129,Бакалея,13:50
Головинкина_19,Бананы,181,Еда,13:50
Головинкина_20,Кефир,95,Напитки,16:00
Головинкина_20,Молоко,111,Напитки,16:00
Головинкина_21,Курица,369,Еда,14:45
Головинкина_21,Яйца,120,Еда,14:45
Головинкина_21,Рис,116,Бакалея,14:45
Головинкина_22,Овсяные хлопья,130,Еда,15:55
Головинкина_22,Творог,203,Еда,15:55
Головинкина_23,Бананы,176,Еда,13:30
Головинкина_23,Йогурт,84,Напитки,13:30
Головинкина_24,Гречка,128,Бакалея,16:20
Головинкина_24,Кефир,92,Напитки,16:20
Головинкина_25,Молоко,108,Напитки,14:10
Головинкина_25,Курица,374,Еда,14:10
Головинкина_26,Яйца,118,Еда,15:35
Головинкина_26,Рис,112,Бакалея,15:35
Головинкина_26,Бананы,183,Еда,15:35
Головинкина_27,Творог,201,Еда,13:40
Головинкина_27,Овсяные хлопья,132,Еда,13:40
Головинкина_28,Йогурт,87,Напитки,16:15
Головинкина_28,Кефир,94,Напитки,16:15
Головинкина_29,Гречка,126,Бакалея,14:25
Головинкина_29,Бананы,178,Еда,14:25
Головинкина_30,Молоко,110,Напитки,15:05
Головинкина_30,Курица,370,Еда,15:05
Головинкина_31,Яйца,119,Еда,13:15
Головинкина_31,Рис,115,Бакалея,13:15
Головинкина_32,Творог,204,Еда,16:30
Головинкина_32,Овсяные хлопья,129,Еда,16:30
Головинкина_33,Бананы,180,Еда,14:50
Головинкина_33,Йогурт,85,Напитки,14:50
Головинкина_34,Гречка,130,Бакалея,15:40
Головинкина_34,Кефир,93,Напитки,15:40
Головинкина_35,Молоко,107,Напитки,13:25
Головинкина_35,Курица,376,Еда,13:25
Головинкина_36,Яйца,116,Еда,16:45
Головинкина_36,Рис,114,Бакалея,16:45
Головинкина_37,Творог,199,Еда,14:05
Головинкина_37,Бананы,177,Еда,14:05
Головинкина_38,Овсяные хлопья,131,Еда,15:50
Головинкина_38,Йогурт,88,Напитки,15:50
Головинкина_39,Гречка,127,Бакалея,13:55
Головинкина_39,Кефир,91,Напитки,13:55
Головинкина_40,Молоко,109,Напитки,16:10
Головинкина_40,Курица,373,Еда,16:10
Головинкина_41,Яйца,120,Еда,14:35
Головинкина_41,Рис,113,Бакалея,14:35
Головинкина_42,Творог,206,Еда,15:25
Головинкина_42,Бананы,179,Еда,15:25
Головинкина_43,Овсяные хлопья,133,Еда,13:20
Головинкина_43,Йогурт,86,Напитки,13:20
Головинкина_44,Гречка,129,Бакалея,16:35
Головинкина_44,Кефир,95,Напитки,16:35
Головинкина_45,Молоко,111,Напитки,14:15
Головинкина_45,Курица,371,Еда,14:15
Головинкина_46,Яйца,117,Еда,15:45
Головинкина_46,Рис,116,Бакалея,15:45
Головинкина_47,Творог,202,Еда,13:40
Головинкина_47,Бананы,181,Еда,13:40
Головинкина_48,Овсяные хлопья,130,Еда,16:20
Головинкина_48,Йогурт,84,Напитки,16:20
Головинкина_49,Гречка,128,Бакалея,14:55
Головинкина_49,Кефир,92,Напитки,14:55
Головинкина_50,Молоко,108,Напитки,15:30
Головинкина_50,Курица,375,Еда,15:30
Головинкина_50,Яйца,118,Еда,15:30
Головинкина_50,Бананы,176,Еда,15:30
Давшиц_1,Пиво,780,Алкоголь,23:15
Давшиц_1,Сухарики,92,Фастфуд,23:16
Давшиц_1,Сигареты,105,Сигареты,23:17
Давшиц_2,Сидр,275,Алкоголь,1:40
Давшиц_2,Чипсы,135,Фастфуд,1:41
Давшиц_2,Сигареты,102,Сигареты,1:42
Давшиц_3,Пиво,750,Алкоголь,22:50
Давшиц_3,Чипсы,130,Фастфуд,22:51
Давшиц_3,Сигареты,104,Сигареты,22:52
Давшиц_4,Сидр,270,Алкоголь,3:10
Давшиц_4,Сухарики,88,Фастфуд,3:11
Давшиц_4,Сигареты,103,Сигареты,3:12
Давшиц_5,Пиво,1450,Алкоголь,0:35
Давшиц_5,Чипсы,133,Фастфуд,0:36
Давшиц_5,Сухарики,90,Фастфуд,0:37
Давшиц_5,Сигареты,105,Сигареты,0:38
Давшиц_6,Сидр,268,Алкоголь,2:20
Давшиц_6,Сигареты,101,Сигареты,2:21
Давшиц_7,Пиво,740,Алкоголь,23:55
Давшиц_7,Чипсы,128,Фастфуд,23:56
Давшиц_8,Сидр,272,Алкоголь,4:05
Давшиц_8,Сухарики,91,Фастфуд,4:06
Давшиц_8,Сигареты,104,Сигареты,4:07
Давшиц_9,Пиво,760,Алкоголь,22:30
Давшиц_9,Чипсы,132,Фастфуд,22:31
Давшиц_10,Сидр,275,Алкоголь,1:15
Давшиц_10,Сигареты,100,Сигареты,1:16
Давшиц_11,Пиво,730,Алкоголь,0:10
Давшиц_11,Сухарики,89,Фастфуд,0:11
Давшиц_12,Сидр,269,Алкоголь,3:45
Давшиц_12,Чипсы,134,Фастфуд,3:46
Давшиц_12,Сигареты,103,Сигареты,3:47
Давшиц_13,Пиво,1500,Алкоголь,23:40
Давшиц_13,Чипсы,130,Фастфуд,23:41
Давшиц_13,Сухарики,92,Фастфуд,23:42
Давшиц_14,Сидр,273,Алкоголь,2:55
Давшиц_14,Сигареты,102,Сигареты,2:56
Давшиц_15,Пиво,720,Алкоголь,1:20
Давшиц_15,Чипсы,129,Фастфуд,1:21
Давшиц_16,Сидр,267,Алкоголь,4:25
Давшиц_16,Сухарики,87,Фастфуд,4:26
Давшиц_17,Пиво,755,Алкоголь,22:15
Давшиц_17,Сигареты,105,Сигареты,22:16
Давшиц_18,Сидр,280,Алкоголь,3:30
Давшиц_18,Чипсы,131,Фастфуд,3:31
Давшиц_19,Пиво,1480,Алкоголь,0:45
Давшиц_19,Сухарики,90,Фастфуд,0:46
Давшиц_19,Сигареты,104,Сигареты,0:47
Давшиц_20,Сидр,270,Алкоголь,2:05
Давшиц_20,Сигареты,101,Сигареты,2:06
Давшиц_21,Пиво,735,Алкоголь,23:25
Давшиц_21,Чипсы,133,Фастфуд,23:26
Давшиц_22,Сидр,274,Алкоголь,1:50
Давшиц_22,Сухарики,88,Фастфуд,1:51
Давшиц_23,Пиво,745,Алкоголь,22:55
Давшиц_23,Сигареты,103,Сигареты,22:56
Давшиц_24,Сидр,271,Алкоголь,4:15
Давшиц_24,Чипсы,130,Фастфуд,4:16
Давшиц_25,Пиво,1520,Алкоголь,0:20
Давшиц_25,Чипсы,135,Фастфуд,0:21
Давшиц_25,Сухарики,91,Фастфуд,0:22
Давшиц_26,Сидр,276,Алкоголь,3:05
Давшиц_26,Сигареты,102,Сигареты,3:06
Давшиц_27,Пиво,730,Алкоголь,23:10
Давшиц_27,Чипсы,127,Фастфуд,23:11
Давшиц_28,Сидр,268,Алкоголь,1:35
Давшиц_28,Сухарики,89,Фастфуд,1:36
Давшиц_29,Пиво,760,Алкоголь,22:40
Давшиц_29,Сигареты,104,Сигареты,22:41
Давшиц_30,Сидр,279,Алкоголь,2:45
Давшиц_30,Чипсы,132,Фастфуд,2:46
Давшиц_31,Пиво,1490,Алкоголь,0:55
Давшиц_31,Сухарики,90,Фастфуд,0:56
Давшиц_32,Сидр,272,Алкоголь,3:55
Давшиц_32,Сигареты,105,Сигареты,3:56
Давшиц_33,Пиво,725,Алкоголь,23:45
Давшиц_33,Чипсы,129,Фастфуд,23:46
Давшиц_34,Сидр,270,Алкоголь,1:05
Давшиц_34,Сухарики,87,Фастфуд,1:06
Давшиц_35,Пиво,740,Алкоголь,22:20
Давшиц_35,Сигареты,103,Сигареты,22:21
Давшиц_36,Сидр,275,Алкоголь,4:30
Давшиц_36,Чипсы,134,Фастфуд,4:31
Давшиц_37,Пиво,1510,Алкоголь,0:15
Давшиц_37,Чипсы,131,Фастфуд,0:16
Давшиц_37,Сухарики,92,Фастфуд,0:17
Давшиц_38,Сидр,273,Алкоголь,2:30
Давшиц_38,Сигареты,101,Сигареты,2:31
Давшиц_39,Пиво,735,Алкоголь,23:35
Давшиц_39,Чипсы,130,Фастфуд,23:36
Давшиц_40,Сидр,268,Алкоголь,3:20
Давшиц_40,Сухарики,90,Фастфуд,3:21
Давшиц_41,Пиво,750,Алкоголь,22:05
Давшиц_41,Сигареты,104,Сигареты,22:06
Давшиц_42,Сидр,277,Алкоголь,1:55
Давшиц_42,Чипсы,133,Фастфуд,1:56
Давшиц_43,Пиво,1470,Алкоголь,0:40
Давшиц_43,Сухарики,88,Фастфуд,0:41
Давшиц_44,Сидр,271,Алкоголь,4:00
Давшиц_44,Сигареты,102,Сигареты,4:01
Давшиц_45,Пиво,730,Алкоголь,23:50
Давшиц_45,Чипсы,128,Фастфуд,23:51
Давшиц_46,Сидр,274,Алкоголь,2:15
Давшиц_46,Сухарики,91,Фастфуд,2:16
Давшиц_47,Пиво,760,Алкоголь,22:25
Давшиц_47,Сигареты,105,Сигареты,22:26
Давшиц_48,Сидр,269,Алкоголь,3:35
Давшиц_48,Чипсы,135,Фастфуд,3:36
Давшиц_49,Пиво,1530,Алкоголь,1:10
Давшиц_49,Чипсы,130,Фастфуд,1:11
Давшиц_49,Сухарики,89,Фастфуд,1:12
Давшиц_50,Сидр,276,Алкоголь,4:20
Давшиц_50,Сигареты,103,Сигареты,4:21
Евсеев_1,Сыр-косичка,225,Фастфуд,20:45
Евсеев_1,Энергетик,148,Напитки,20:46
Евсеев_1,Хинкали,385,Еда,20:47
Евсеев_2,Сыр-косичка,220,Фастфуд,21:15
Евсеев_2,Энергетик,145,Напитки,21:16
Евсеев_3,Хинкали,380,Еда,19:55
Евсеев_3,Сыр-косичка,228,Фастфуд,19:56
Евсеев_4,Энергетик,150,Напитки,22:10
Евсеев_4,Сыр-косичка,222,Фастфуд,22:11
Евсеев_5,Хинкали,390,Еда,20:30
Евсеев_5,Сухарики,92,Фастфуд,20:31
Евсеев_6,Сыр-косичка,226,Фастфуд,21:40
Евсеев_6,Энергетик,147,Напитки,21:41
Евсеев_7,Хинкали,375,Еда,20:05
Евсеев_7,Сыр-косичка,224,Фастфуд,20:06
Евсеев_8,Энергетик,146,Напитки,22:25
Евсеев_8,Чипсы,132,Фастфуд,22:26
Евсеев_9,Сыр-косичка,230,Фастфуд,19:45
Евсеев_9,Хинкали,382,Еда,19:46
Евсеев_10,Энергетик,149,Напитки,21:20
Евсеев_10,Сыр-косичка,221,Фастфуд,21:21
Евсеев_11,Хинкали,388,Еда,20:55
Евсеев_11,Сухарики,90,Фастфуд,20:56
Евсеев_12,Сыр-косичка,227,Фастфуд,22:05
Евсеев_12,Энергетик,145,Напитки,22:06
Евсеев_13,Хинкали,378,Еда,19:35
Евсеев_13,Сыр-косичка,223,Фастфуд,19:36
Евсеев_14,Энергетик,148,Напитки,21:50
Евсеев_14,Чипсы,130,Фастфуд,21:51
Евсеев_15,Сыр-косичка,225,Фастфуд,20:15
Евсеев_15,Хинкали,385,Еда,20:16
Евсеев_16,Энергетик,147,Напитки,22:30
Евсеев_16,Сыр-косичка,229,Фастфуд,22:31
Евсеев_17,Хинкали,380,Еда,20:40
Евсеев_17,Сухарики,91,Фастфуд,20:41
Евсеев_18,Сыр-косичка,222,Фастфуд,21:10
Евсеев_18,Энергетик,150,Напитки,21:11
Евсеев_19,Хинкали,390,Еда,19:50
Евсеев_19,Сыр-косичка,226,Фастфуд,19:51
Евсеев_20,Энергетик,146,Напитки,22:15
Евсеев_20,Чипсы,134,Фастфуд,22:16
Евсеев_21,Сыр-косичка,224,Фастфуд,20:25
Евсеев_21,Хинкали,377,Еда,20:26
Евсеев_22,Энергетик,149,Напитки,21:35
Евсеев_22,Сыр-косичка,228,Фастфуд,21:36
Евсеев_23,Хинкали,383,Еда,20:00
Евсеев_23,Сухарики,89,Фастфуд,20:01
Евсеев_24,Сыр-косичка,221,Фастфуд,22:40
Евсеев_24,Энергетик,145,Напитки,22:41
Евсеев_25,Хинкали,386,Еда,19:40
Евсеев_25,Сыр-косичка,225,Фастфуд,19:41
Евсеев_26,Энергетик,148,Напитки,21:25
Евсеев_26,Чипсы,131,Фастфуд,21:26
Евсеев_27,Сыр-косичка,230,Фастфуд,20:50
Евсеев_27,Хинкали,379,Еда,20:51
Евсеев_28,Энергетик,147,Напитки,22:00
Евсеев_28,Сыр-косичка,223,Фастфуд,22:01
Евсеев_29,Хинкали,384,Еда,20:10
Евсеев_29,Сухарики,92,Фастфуд,20:11
Евсеев_30,Сыр-косичка,227,Фастфуд,21:45
Евсеев_30,Энергетик,150,Напитки,21:46
Евсеев_31,Хинкали,381,Еда,19:55
Евсеев_31,Сыр-косичка,224,Фастфуд,19:56
Евсеев_32,Энергетик,146,Напитки,22:20
Евсеев_32,Чипсы,133,Фастфуд,22:21
Евсеев_33,Сыр-косичка,226,Фастфуд,20:35
Евсеев_33,Хинкали,388,Еда,20:36
Евсеев_34,Энергетик,149,Напитки,21:05
Евсеев_34,Сыр-косичка,222,Фастфуд,21:06
Евсеев_35,Хинкали,376,Еда,20:20
Евсеев_35,Сухарики,90,Фастфуд,20:21
Евсеев_36,Сыр-косичка,229,Фастфуд,22:35
Евсеев_36,Энергетик,145,Напитки,22:36
Евсеев_37,Хинкали,385,Еда,19:30
Евсеев_37,Сыр-косичка,225,Фастфуд,19:31
Евсеев_38,Энергетик,148,Напитки,21:55
Евсеев_38,Чипсы,130,Фастфуд,21:56
Евсеев_39,Сыр-косичка,223,Фастфуд,20:45
Евсеев_39,Хинкали,382,Еда,20:46
Евсеев_40,Энергетик,147,Напитки,22:10
Евсеев_40,Сыр-косичка,228,Фастфуд,22:11
Евсеев_41,Хинкали,379,Еда,20:05
Евсеев_41,Сухарики,91,Фастфуд,20:06
Евсеев_42,Сыр-косичка,221,Фастфуд,21:30
Евсеев_42,Энергетик,150,Напитки,21:31
Евсеев_43,Хинкали,387,Еда,19:45
Евсеев_43,Сыр-косичка,226,Фастфуд,19:46
Евсеев_44,Энергетик,146,Напитки,22:25
Евсеев_44,Чипсы,132,Фастфуд,22:26
Евсеев_45,Сыр-косичка,224,Фастфуд,20:55
Евсеев_45,Хинкали,380,Еда,20:56
Евсеев_46,Энергетик,149,Напитки,21:15
Евсеев_46,Сыр-косичка,230,Фастфуд,21:16
Евсеев_47,Хинкали,383,Еда,20:25
Евсеев_47,Сухарики,89,Фастфуд,20:26
Евсеев_48,Сыр-косичка,222,Фастфуд,22:05
Евсеев_48,Энергетик,145,Напитки,22:06
Евсеев_49,Хинкали,386,Еда,19:35
Евсеев_49,Сыр-косичка,225,Фастфуд,19:36
Евсеев_50,Энергетик,148,Напитки,21:40
Евсеев_50,Сыр-косичка,227,Фастфуд,21:41
Евсеев_50,Хинкали,384,Еда,21:42
Земцов_1,Вода,84,Напитки,8:05
Земцов_1,Батончик протеиновый,125,Сладости,8:05
Земцов_1,Бананы,170,Еда,8:05
Земцов_1,Яблоки,188,Еда,8:05
Земцов_2,Овсяное печенье,96,Сладости,7:40
Земцов_2,Вода,108,Напитки,7:40
Земцов_2,Батончик протеиновый,122,Сладости,7:40
Земцов_3,Бананы,175,Еда,8:20
Земцов_3,Яблоки,182,Еда,8:20
Земцов_3,Вода,86,Напитки,8:20
Земцов_4,Батончик протеиновый,127,Сладости,7:55
Земцов_4,Овсяное печенье,94,Сладости,7:55
Земцов_5,Вода,110,Напитки,8:35
Земцов_5,Бананы,173,Еда,8:35
Земцов_6,Яблоки,180,Еда,7:25
Земцов_6,Батончик протеиновый,124,Сладости,7:25
Земцов_6,Овсяное печенье,97,Сладости,7:25
Земцов_7,Вода,83,Напитки,8:15
Земцов_7,Бананы,169,Еда,8:15
Земцов_8,Яблоки,185,Еда,7:50
Земцов_8,Батончик протеиновый,126,Сладости,7:50
Земцов_9,Овсяное печенье,95,Сладости,8:30
Земцов_9,Вода,109,Напитки,8:30
Земцов_10,Бананы,174,Еда,7:35
Земцов_10,Яблоки,179,Еда,7:35
Земцов_11,Батончик протеиновый,123,Сладости,8:10
Земцов_11,Овсяное печенье,98,Сладости,8:10
Земцов_12,Вода,85,Напитки,7:45
Земцов_12,Бананы,171,Еда,7:45
Земцов_13,Яблоки,183,Еда,8:25
Земцов_13,Батончик протеиновый,128,Сладости,8:25
Земцов_14,Овсяное печенье,93,Сладости,7:20
Земцов_14,Вода,112,Напитки,7:20
Земцов_15,Бананы,176,Еда,8:40
Земцов_15,Яблоки,181,Еда,8:40
Земцов_16,Батончик протеиновый,121,Сладости,7:55
Земцов_16,Овсяное печенье,96,Сладости,7:55
Земцов_17,Вода,87,Напитки,8:00
Земцов_17,Бананы,172,Еда,8:00
Земцов_18,Яблоки,184,Еда,7:30
Земцов_18,Батончик протеиновый,125,Сладости,7:30
Земцов_19,Овсяное печенье,99,Сладости,8:15
Земцов_19,Вода,107,Напитки,8:15
Земцов_20,Бананы,170,Еда,7:50
Земцов_20,Яблоки,186,Еда,7:50
Земцов_21,Батончик протеиновый,124,Сладости,8:35
Земцов_21,Овсяное печенье,95,Сладости,8:35
Земцов_22,Вода,84,Напитки,7:40
Земцов_22,Бананы,174,Еда,7:40
Земцов_23,Яблоки,180,Еда,8:20
Земцов_23,Батончик протеиновый,127,Сладости,8:20
Земцов_24,Овсяное печенье,97,Сладости,7:25
Земцов_24,Вода,110,Напитки,7:25
Земцов_25,Бананы,169,Еда,8:05
Земцов_25,Яблоки,183,Еда,8:05
Земцов_26,Батончик протеиновый,123,Сладости,7:55
Земцов_26,Овсяное печенье,94,Сладости,7:55
Земцов_27,Вода,86,Напитки,8:30
Земцов_27,Бананы,175,Еда,8:30
Земцов_28,Яблоки,181,Еда,7:45
Земцов_28,Батончик протеиновый,126,Сладости,7:45
Земцов_29,Овсяное печенье,98,Сладости,8:10
Земцов_29,Вода,109,Напитки,8:10
Земцов_30,Бананы,171,Еда,7:35
Земцов_30,Яблоки,187,Еда,7:35
Земцов_31,Батончик протеиновый,125,Сладости,8:25
Земцов_31,Овсяное печенье,96,Сладости,8:25
Земцов_32,Вода,83,Напитки,7:50
Земцов_32,Бананы,173,Еда,7:50
Земцов_33,Яблоки,179,Еда,8:15
Земцов_33,Батончик протеиновый,128,Сладости,8:15
Земцов_34,Овсяное печенье,95,Сладости,7:20
Земцов_34,Вода,111,Напитки,7:20
Земцов_35,Бананы,176,Еда,8:40
Земцов_35,Яблоки,184,Еда,8:40
Земцов_36,Батончик протеиновый,122,Сладости,7:55
Земцов_36,Овсяное печенье,97,Сладости,7:55
Земцов_37,Вода,85,Напитки,8:00
Земцов_37,Бананы,170,Еда,8:00
Земцов_38,Яблоки,182,Еда,7:30
Земцов_38,Батончик протеиновый,124,Сладости,7:30
Земцов_39,Овсяное печенье,99,Сладости,8:35
Земцов_39,Вода,108,Напитки,8:35
Земцов_40,Бананы,172,Еда,7:45
Земцов_40,Яблоки,185,Еда,7:45
Земцов_41,Батончик протеиновый,126,Сладости,8:20
Земцов_41,Овсяное печенье,94,Сладости,8:20
Земцов_42,Вода,87,Напитки,7:25
Земцов_42,Бананы,174,Еда,7:25
Земцов_43,Яблоки,180,Еда,8:10
Земцов_43,Батончик протеиновый,123,Сладости,8:10
Земцов_44,Овсяное печенье,96,Сладости,7:50
Земцов_44,Вода,110,Напитки,7:50
Земцов_45,Бананы,169,Еда,8:30
Земцов_45,Яблоки,186,Еда,8:30
Земцов_46,Батончик протеиновый,127,Сладости,7:35
Земцов_46,Овсяное печенье,95,Сладости,7:35
Земцов_47,Вода,84,Напитки,8:05
Земцов_47,Бананы,171,Еда,8:05
Земцов_48,Яблоки,183,Еда,7:40
Земцов_48,Батончик протеиновый,125,Сладости,7:40
Земцов_49,Овсяное печенье,98,Сладости,8:25
Земцов_49,Вода,109,Напитки,8:25
Земцов_50,Бананы,175,Еда,7:55
Земцов_50,Яблоки,181,Еда,7:55
Земцов_50,Батончик протеиновый,124,Сладости,7:55
Кравчук_1,Кофе,48,Напитки,7:38
Кравчук_1,Сигареты,105,Сигареты,7:39
Кравчук_2,Кофе,82,Напитки,7:15
Кравчук_2,Сигареты,103,Сигареты,7:16
Кравчук_3,Кофе,45,Напитки,8:05
Кравчук_3,Сигареты,106,Сигареты,8:06
Кравчук_4,Кофе,62,Напитки,7:27
Кравчук_4,Сигареты,104,Сигареты,7:28
Кравчук_5,Кофе,50,Напитки,7:52
Кравчук_5,Сигареты,102,Сигареты,7:53
Кравчук_6,Кофе,88,Напитки,7:19
Кравчук_6,Сигареты,105,Сигареты,7:20
Кравчук_7,Кофе,46,Напитки,8:12
Кравчук_7,Сигареты,107,Сигареты,8:13
Кравчук_8,Кофе,60,Напитки,7:41
Кравчук_8,Сигареты,103,Сигареты,7:42
Кравчук_9,Кофе,47,Напитки,7:08
Кравчук_9,Сигареты,104,Сигареты,7:09
Кравчук_10,Кофе,84,Напитки,7:55
Кравчук_10,Сигареты,102,Сигареты,7:56
Кравчук_11,Кофе,49,Напитки,8:18
Кравчук_11,Сигареты,106,Сигареты,8:19
Кравчук_12,Кофе,64,Напитки,7:23
Кравчук_12,Сигареты,105,Сигареты,7:24
Кравчук_13,Кофе,44,Напитки,7:46
Кравчук_13,Сигареты,103,Сигареты,7:47
Кравчук_14,Кофе,86,Напитки,7:31
Кравчук_14,Сигареты,104,Сигареты,7:32
Кравчук_15,Кофе,48,Напитки,8:02
Кравчук_15,Сигареты,107,Сигареты,8:03
Кравчук_16,Кофе,61,Напитки,7:17
Кравчук_16,Сигареты,102,Сигареты,7:18
Кравчук_17,Кофе,50,Напитки,7:59
Кравчук_17,Сигареты,105,Сигареты,8:00
Кравчук_18,Кофе,83,Напитки,7:25
Кравчук_18,Сигареты,106,Сигареты,7:26
Кравчук_19,Кофе,46,Напитки,8:14
Кравчук_19,Сигареты,104,Сигареты,8:15
Кравчук_20,Кофе,63,Напитки,7:39
Кравчук_20,Сигареты,103,Сигареты,7:40
Кравчук_21,Кофе,47,Напитки,7:11
Кравчук_21,Сигареты,105,Сигареты,7:12
Кравчук_22,Кофе,87,Напитки,7:57
Кравчук_22,Сигареты,102,Сигареты,7:58
Кравчук_23,Кофе,49,Напитки,8:08
Кравчук_23,Сигареты,106,Сигареты,8:09
Кравчук_24,Кофе,60,Напитки,7:34
Кравчук_24,Сигареты,104,Сигареты,7:35
Кравчук_25,Кофе,45,Напитки,7:49
Кравчук_25,Сигареты,107,Сигареты,7:50
Кравчук_26,Кофе,85,Напитки,7:21
Кравчук_26,Сигареты,103,Сигареты,7:22
Кравчук_27,Кофе,48,Напитки,8:16
Кравчук_27,Сигареты,105,Сигареты,8:17
Кравчук_28,Кофе,62,Напитки,7:13
Кравчук_28,Сигареты,102,Сигареты,7:14
Кравчук_29,Кофе,50,Напитки,7:54
Кравчук_29,Сигареты,106,Сигареты,7:55
Кравчук_30,Кофе,84,Напитки,7:29
Кравчук_30,Сигареты,104,Сигареты,7:30
Кравчук_31,Кофе,46,Напитки,8:11
Кравчук_31,Сигареты,103,Сигареты,8:12
Кравчук_32,Кофе,61,Напитки,7:43
Кравчук_32,Сигареты,107,Сигареты,7:44
Кравчук_33,Кофе,49,Напитки,7:20
Кравчук_33,Сигареты,102,Сигареты,7:21
Кравчук_34,Кофе,88,Напитки,8:01
Кравчук_34,Сигареты,105,Сигареты,8:02
Кравчук_35,Кофе,47,Напитки,7:36
Кравчук_35,Сигареты,104,Сигареты,7:37
Кравчук_36,Кофе,63,Напитки,7:58
Кравчук_36,Сигареты,106,Сигареты,7:59
Кравчук_37,Кофе,45,Напитки,7:24
Кравчук_37,Сигареты,103,Сигареты,7:25
Кравчук_38,Кофе,83,Напитки,8:09
Кравчук_38,Сигареты,107,Сигареты,8:10
Кравчук_39,Кофе,48,Напитки,7:47
Кравчук_39,Сигареты,102,Сигареты,7:48
Кравчук_40,Кофе,60,Напитки,7:16
Кравчук_40,Сигареты,105,Сигареты,7:17
Кравчук_41,Кофе,50,Напитки,8:04
Кравчук_41,Сигареты,104,Сигареты,8:05
Кравчук_42,Кофе,86,Напитки,7:40
Кравчук_42,Сигареты,103,Сигареты,7:41
Кравчук_43,Кофе,46,Напитки,7:26
Кравчук_43,Сигареты,106,Сигареты,7:27
Кравчук_44,Кофе,62,Напитки,8:17
Кравчук_44,Сигареты,102,Сигареты,8:18
Кравчук_45,Кофе,49,Напитки,7:51
Кравчук_45,Сигареты,105,Сигареты,7:52
Кравчук_46,Кофе,85,Напитки,7:18
Кравчук_46,Сигареты,104,Сигареты,7:19
Кравчук_47,Кофе,47,Напитки,8:21
Кравчук_47,Сигареты,107,Сигареты,8:22
Кравчук_48,Кофе,61,Напитки,7:32
Кравчук_48,Сигареты,103,Сигареты,7:33
Кравчук_49,Кофе,48,Напитки,7:56
Кравчук_49,Сигареты,106,Сигареты,7:57
Кравчук_50,Кофе,87,Напитки,7:10
Кравчук_50,Сигареты,104,Сигареты,7:11
Кузнецов_1,Молоко,105,Напитки,12:15
Кузнецов_1,Хлеб,60,Бакалея,12:15
Кузнецов_1,Яйца,115,Еда,12:15
Кузнецов_2,Кефир,90,Напитки,11:40
Кузнецов_2,Творог,195,Еда,11:40
Кузнецов_3,Гречка,120,Бакалея,10:50
Кузнецов_3,Куриная грудка,355,Еда,10:50
Кузнецов_4,Рис,108,Бакалея,13:20
Кузнецов_5,Макароны,112,Бакалея,12:30
Кузнецов_6,Йогурт,82,Напитки,11:10
Кузнецов_7,Овсянка,95,Бакалея,13:55
Кузнецов_8,Молоко,108,Напитки,12:45
Кузнецов_8,Яйца,118,Еда,12:45
Кузнецов_9,Куриная грудка,350,Еда,10:30
Кузнецов_10,Творог,198,Еда,11:25
Кузнецов_11,Хлеб,62,Бакалея,10:15
Кузнецов_12,Кефир,88,Напитки,13:05
Кузнецов_13,Гречка,123,Бакалея,11:50
Кузнецов_14,Рис,105,Бакалея,12:20
Кузнецов_15,Макароны,110,Бакалея,13:35
Кузнецов_16,Йогурт,80,Напитки,10:40
Кузнецов_17,Молоко,106,Напитки,12:55
Кузнецов_17,Яйца,116,Еда,12:55
Кузнецов_18,Куриная грудка,360,Еда,11:15
Кузнецов_19,Творог,200,Еда,13:10
Кузнецов_20,Овсянка,92,Бакалея,10:25
Кузнецов_21,Хлеб,60,Бакалея,12:05
Кузнецов_22,Кефир,92,Напитки,11:30
Кузнецов_23,Гречка,125,Бакалея,13:45
Кузнецов_24,Рис,110,Бакалея,10:55
Кузнецов_25,Макароны,115,Бакалея,12:35
Кузнецов_26,Молоко,104,Напитки,11:20
Кузнецов_27,Яйца,114,Еда,13:15
Кузнецов_28,Куриная грудка,352,Еда,10:45
Кузнецов_29,Творог,196,Еда,12:10
Кузнецов_30,Йогурт,84,Напитки,11:05
Кузнецов_31,Овсянка,96,Бакалея,13:30
Кузнецов_32,Хлеб,63,Бакалея,10:20
Кузнецов_33,Кефир,89,Напитки,12:50
Кузнецов_34,Гречка,122,Бакалея,11:40
Кузнецов_35,Рис,107,Бакалея,13:00
Кузнецов_36,Макароны,113,Бакалея,10:35
Кузнецов_37,Молоко,107,Напитки,12:25
Кузнецов_38,Яйца,117,Еда,11:15
Кузнецов_39,Куриная грудка,358,Еда,13:40
Кузнецов_40,Творог,202,Еда,10:50
Кузнецов_41,Йогурт,81,Напитки,12:00
Кузнецов_42,Овсянка,94,Бакалея,11:35
Кузнецов_43,Хлеб,61,Бакалея,13:20
Кузнецов_44,Кефир,91,Напитки,10:30
Кузнецов_45,Гречка,124,Бакалея,12:45
Кузнецов_46,Рис,109,Бакалея,11:55
Кузнецов_47,Макароны,111,Бакалея,13:10
Кузнецов_48,Молоко,105,Напитки,10:40
Кузнецов_49,Яйца,115,Еда,12:30
Кузнецов_50,Куриная грудка,354,Еда,11:25
Малышко_1,Фарш,390,Еда,17:25
Малышко_1,Творог,210,Еда,17:25
Малышко_1,Яйца,108,Еда,17:25
Малышко_2,Куриная грудка,385,Еда,18:40
Малышко_2,Творог,208,Еда,18:40
Малышко_3,Филе куриное,455,Еда,14:15
Малышко_3,Яйца,110,Еда,14:15
Малышко_4,Голень куриная,235,Еда,19:20
Малышко_4,Творог,212,Еда,19:20
Малышко_5,Фарш,380,Еда,16:55
Малышко_5,Яйца,106,Еда,16:55
Малышко_6,Куриная грудка,378,Еда,18:10
Малышко_7,Творог,209,Еда,15:45
Малышко_7,Фарш,395,Еда,15:45
Малышко_8,Филе куриное,450,Еда,13:50
Малышко_8,Яйца,109,Еда,13:50
Малышко_9,Голень куриная,230,Еда,19:35
Малышко_10,Творог,211,Еда,17:10
Малышко_10,Куриная грудка,382,Еда,17:10
Малышко_11,Фарш,385,Еда,16:30
Малышко_12,Яйца,107,Еда,18:25
Малышко_12,Творог,207,Еда,18:25
Малышко_13,Филе куриное,458,Еда,14:05
Малышко_14,Голень куриная,232,Еда,19:50
Малышко_15,Куриная грудка,380,Еда,17:45
Малышко_15,Творог,210,Еда,17:45
Малышко_16,Фарш,388,Еда,16:20
Малышко_17,Яйца,111,Еда,18:55
Малышко_18,Филе куриное,452,Еда,13:30
Малышко_19,Творог,209,Еда,15:15
Малышко_19,Голень куриная,228,Еда,15:15
Малышко_20,Куриная грудка,376,Еда,18:30
Малышко_21,Фарш,392,Еда,17:05
Малышко_21,Яйца,105,Еда,17:05
Малышко_22,Творог,213,Еда,16:40
Малышко_23,Филе куриное,460,Еда,14:25
Малышко_24,Голень куриная,237,Еда,19:10
Малышко_25,Куриная грудка,379,Еда,18:05
Малышко_26,Фарш,387,Еда,16:50
Малышко_27,Яйца,108,Еда,17:35
Малышко_27,Творог,208,Еда,17:35
Малышко_28,Филе куриное,448,Еда,13:45
Малышко_29,Голень куриная,233,Еда,19:25
Малышко_30,Куриная грудка,381,Еда,18:20
Малышко_31,Фарш,394,Еда,16:15
Малышко_32,Творог,211,Еда,17:50
Малышко_32,Яйца,110,Еда,17:50
Малышко_33,Филе куриное,453,Еда,14:00
Малышко_34,Голень куриная,229,Еда,19:40
Малышко_35,Куриная грудка,377,Еда,18:35
Малышко_36,Фарш,390,Еда,16:45
Малышко_37,Творог,210,Еда,17:15
Малышко_38,Яйца,107,Еда,18:50
Малышко_39,Филе куриное,456,Еда,13:20
Малышко_40,Голень куриная,231,Еда,19:05
Малышко_41,Куриная грудка,384,Еда,18:15
Малышко_42,Фарш,386,Еда,16:25
Малышко_43,Творог,212,Еда,17:30
Малышко_44,Яйца,109,Еда,18:45
Малышко_45,Филе куриное,451,Еда,14:35
Малышко_46,Голень куриная,234,Еда,19:55
Малышко_47,Куриная грудка,380,Еда,18:00
Малышко_48,Фарш,389,Еда,16:10
Малышко_49,Творог,209,Еда,17:40
Малышко_50,Яйца,108,Еда,18:25
Малышко_50,Куриная грудка,383,Еда,18:25
Марянян_1,Шаурма,290,Фастфуд,20:30
Марянян_1,Кола,130,Напитки,20:30
Марянян_2,Плов,350,Еда,19:45
Марянян_3,Лаваш,80,Еда,21:10
Марянян_4,Шаурма,295,Фастфуд,20:15
Марянян_5,Хачапури,420,Еда,18:55
Марянян_6,Кола,128,Напитки,21:40
Марянян_7,Шаурма,288,Фастфуд,19:20
Марянян_8,Плов,355,Еда,20:05
Марянян_9,Лаваш,82,Еда,21:25
Марянян_10,Хачапури,415,Еда,18:30
Марянян_11,Шаурма,292,Фастфуд,20:50
Марянян_12,Кола,132,Напитки,19:35
Марянян_13,Плов,348,Еда,21:00
Марянян_14,Шаурма,297,Фастфуд,20:20
Марянян_15,Хачапури,418,Еда,18:40
Марянян_16,Лаваш,78,Еда,21:15
Марянян_17,Шаурма,285,Фастфуд,19:55
Марянян_18,Кола,129,Напитки,20:45
Марянян_19,Плов,352,Еда,21:30
Марянян_20,Хачапури,425,Еда,18:10
Марянян_21,Шаурма,298,Фастфуд,20:40
Марянян_21,Кола,135,Напитки,20:40
Марянян_22,Плов,360,Еда,19:25
Марянян_23,Лаваш,85,Еда,21:50
Марянян_24,Хачапури,422,Еда,18:20
Марянян_24,Кола,130,Напитки,18:20
Марянян_25,Шаурма,291,Фастфуд,20:10
Марянян_26,Плов,345,Еда,21:15
Марянян_27,Шаурма,299,Фастфуд,19:50
Марянян_27,Лаваш,81,Еда,19:50
Марянян_28,Хачапури,419,Еда,18:45
Марянян_29,Кола,133,Напитки,20:55
Марянян_30,Шаурма,294,Фастфуд,20:25
Марянян_31,Плов,358,Еда,19:30
Марянян_32,Лаваш,79,Еда,21:35
Марянян_33,Шаурма,296,Фастфуд,20:00
Марянян_33,Кола,131,Напитки,20:00
Марянян_34,Хачапури,426,Еда,18:35
Марянян_35,Плов,353,Еда,21:20
Марянян_36,Шаурма,289,Фастфуд,19:40
Марянян_37,Лаваш,83,Еда,21:05
Марянян_38,Хачапури,421,Еда,18:50
Марянян_38,Кола,134,Напитки,18:50
Марянян_39,Шаурма,293,Фастфуд,20:35
Марянян_40,Плов,349,Еда,19:55
Марянян_41,Лаваш,84,Еда,21:45
Марянян_42,Шаурма,300,Фастфуд,20:05
Марянян_42,Кола,128,Напитки,20:05
Марянян_43,Хачапури,423,Еда,18:25
Марянян_44,Плов,356,Еда,21:10
Марянян_45,Шаурма,287,Фастфуд,19:35
Марянян_46,Лаваш,80,Еда,21:55
Марянян_47,Хачапури,427,Еда,18:15
Марянян_47,Кола,136,Напитки,18:15
Марянян_48,Шаурма,295,Фастфуд,20:45
Марянян_49,Плов,351,Еда,19:20
Марянян_50,Шаурма,292,Фастфуд,20:30
Марянян_50,Лаваш,82,Еда,20:30
Масловский_1,Бургер,350,Фастфуд,17:20
Масловский_1,Кола,130,Напитки,17:20
Масловский_2,Наггетсы,280,Фастфуд,16:45
Масловский_3,Бургер,150,Фастфуд,18:10
Масловский_4,Картофель фри,105,Фастфуд,17:55
Масловский_5,Бургер,390,Фастфуд,16:30
Масловский_6,Кола,135,Напитки,18:25
Масловский_7,Мороженое,220,Сладости,17:05
Масловский_8,Бургер,320,Фастфуд,16:15
Масловский_9,Наггетсы,275,Фастфуд,18:40
Масловский_10,Бургер,290,Фастфуд,17:35
Масловский_11,Картофель фри,108,Фастфуд,16:50
Масловский_12,Бургер,385,Фастфуд,18:15
Масловский_13,Кола,128,Напитки,17:45
Масловский_14,Мороженое,215,Сладости,16:20
Масловский_15,Бургер,355,Фастфуд,18:55
Масловский_16,Наггетсы,282,Фастфуд,17:10
Масловский_17,Бургер,148,Фастфуд,16:35
Масловский_18,Картофель фри,110,Фастфуд,18:30
Масловский_19,Бургер,392,Фастфуд,17:25
Масловский_20,Кола,132,Напитки,16:05
Масловский_21,Мороженое,215,Сладости,13:58
Масловский_21,Бургер,148,Фастфуд,13:58
Масловский_22,Наггетсы,282,Фастфуд,15:07
Масловский_22,Картофель фри,110,Фастфуд,15:07
Масловский_23,Мороженое,220,Сладости,18:22
Масловский_23,Наггетсы,275,Фастфуд,18:22
Масловский_24,Бургер,148,Фастфуд,14:55
Масловский_25,Бургер,148,Фастфуд,18:50
Масловский_25,Кола,135,Напитки,18:50
Масловский_26,Бургер,392,Фастфуд,17:26
Масловский_26,Кола,130,Напитки,17:26
Масловский_27,Мороженое,215,Сладости,18:37
Масловский_28,Бургер,150,Фастфуд,17:32
Масловский_29,Картофель фри,108,Фастфуд,18:10
Масловский_29,Картофель фри,110,Фастфуд,18:10
Масловский_30,Наггетсы,282,Фастфуд,19:38
Масловский_30,Кола,128,Напитки,19:38
Масловский_31,Бургер,392,Фастфуд,14:43
Масловский_32,Бургер,148,Фастфуд,12:37
Масловский_33,Наггетсы,282,Фастфуд,18:06
Масловский_34,Мороженое,220,Сладости,15:11
Масловский_34,Картофель фри,110,Фастфуд,15:11
Масловский_35,Наггетсы,280,Фастфуд,13:13
Масловский_35,Наггетсы,275,Фастфуд,13:13
Масловский_36,Картофель фри,105,Фастфуд,14:14
Масловский_37,Бургер,385,Фастфуд,18:17
Масловский_37,Наггетсы,280,Фастфуд,18:17
Масловский_38,Кола,130,Напитки,13:17
Масловский_39,Картофель фри,108,Фастфуд,19:52
Масловский_39,Картофель фри,108,Фастфуд,19:52
Масловский_40,Бургер,392,Фастфуд,13:14
Масловский_41,Кола,135,Напитки,17:32
Масловский_41,Мороженое,220,Сладости,17:32
Масловский_42,Наггетсы,282,Фастфуд,14:16
Масловский_42,Картофель фри,110,Фастфуд,14:16
Масловский_43,Картофель фри,105,Фастфуд,13:59
Масловский_43,Мороженое,220,Сладости,13:59
Масловский_44,Картофель фри,108,Фастфуд,14:54
Масловский_44,Наггетсы,275,Фастфуд,14:54
Масловский_45,Картофель фри,108,Фастфуд,15:31
Масловский_46,Кола,128,Напитки,16:40
Масловский_46,Кола,128,Напитки,16:40
Масловский_47,Наггетсы,280,Фастфуд,16:37
Масловский_48,Кола,128,Напитки,15:44
Масловский_48,Наггетсы,280,Фастфуд,15:44
Масловский_49,Картофель фри,105,Фастфуд,15:04
Масловский_49,Кола,128,Напитки,15:04
Масловский_50,Мороженое,220,Сладости,15:19
Масловский_50,Наггетсы,282,Фастфуд,15:19
Матвеев_1,Пиво,220,Алкоголь,22:25
Матвеев_1,Сухарики,220,Еда,22:26
Матвеев_2,Баскет кфс,562,Фастфуд,22:21
Матвеев_2,Кола,110,Напитки,22:21
Матвеев_3,Пиво,225,Алкоголь,23:10
Матвеев_4,Чипсы,125,Еда,21:45
Матвеев_5,Бургер,420,Фастфуд,22:30
Матвеев_6,Кола,130,Напитки,22:31
Матвеев_7,Пиво,218,Алкоголь,0:05
Матвеев_8,Сухарики,90,Еда,23:55
Матвеев_9,Наггетсы,280,Фастфуд,21:20
Матвеев_10,Пиво,223,Алкоголь,22:40
Матвеев_11,Чипсы,128,Еда,0:15
Матвеев_12,Бургер,390,Фастфуд,21:55
Матвеев_13,Кола,128,Напитки,22:56
Матвеев_14,Пиво,220,Алкоголь,23:30
Матвеев_15,Сухарики,88,Еда,21:10
Матвеев_16,Бургер,320,Фастфуд,22:15
Матвеев_17,Пиво,227,Алкоголь,0:25
Матвеев_18,Чипсы,122,Еда,23:40
Матвеев_19,Мороженое,220,Сладости,21:35
Матвеев_20,Кола,132,Напитки,22:45
Матвеев_21,Пиво,225,Алкоголь,23:15
Матвеев_21,Сухарики,92,Еда,23:16
Матвеев_22,Бургер,415,Фастфуд,22:35
Матвеев_22,Кола,135,Напитки,22:35
Матвеев_23,Наггетсы,285,Фастфуд,21:25
Матвеев_24,Чипсы,130,Еда,0:20
Матвеев_25,Пиво,222,Алкоголь,23:05
Матвеев_26,Баскет кфс,560,Фастфуд,22:10
Матвеев_27,Кола,125,Напитки,21:50
Матвеев_27,Мороженое,225,Сладости,21:50
Матвеев_28,Сухарики,85,Еда,23:45
Матвеев_29,Бургер,395,Фастфуд,22:20
Матвеев_30,Пиво,219,Алкоголь,0:10
Матвеев_30,Чипсы,124,Еда,0:11
Матвеев_31,Наггетсы,278,Фастфуд,21:15
Матвеев_32,Кола,130,Напитки,22:50
Матвеев_33,Бургер,425,Фастфуд,23:25
Матвеев_34,Сухарики,89,Еда,21:30
Матвеев_35,Пиво,226,Алкоголь,0:30
Матвеев_36,Мороженое,218,Сладости,22:05
Матвеев_37,Чипсы,126,Еда,23:50
Матвеев_38,Баскет кфс,565,Фастфуд,21:40
Матвеев_39,Кола,133,Напитки,22:55
Матвеев_40,Наггетсы,282,Фастфуд,0:15
Матвеев_41,Пиво,221,Алкоголь,23:20
Матвеев_41,Сухарики,91,Еда,23:21
Матвеев_42,Бургер,410,Фастфуд,22:00
Матвеев_43,Чипсы,129,Еда,21:05
Матвеев_44,Мороженое,222,Сладости,23:35
Матвеев_45,Кола,129,Напитки,0:35
Матвеев_46,Бургер,400,Фастфуд,22:25
Матвеев_47,Пиво,224,Алкоголь,21:45
Матвеев_48,Наггетсы,279,Фастфуд,23:10
Матвеев_49,Сухарики,87,Еда,0:40
Матвеев_50,Чипсы,123,Еда,22:15
Матвеев_50,Кола,131,Напитки,22:15
Нечаева_1,Йогурт,85,Напитки,15:30
Нечаева_1,Овсяные хлопья,130,Еда,15:30
Нечаева_2,Творог,195,Еда,14:20
Нечаева_3,Кефир,90,Напитки,16:10
Нечаева_4,Гречка,125,Бакалея,15:45
Нечаева_5,Куриная грудка,360,Еда,14:55
Нечаева_6,Яйца,115,Еда,16:35
Нечаева_7,Молоко,105,Напитки,15:05
Нечаева_8,Рис,110,Бакалея,14:40
Нечаева_9,Йогурт,88,Напитки,16:20
Нечаева_10,Овсянка,95,Еда,15:15
Нечаева_11,Творог,200,Еда,14:25
Нечаева_12,Бананы,175,Еда,16:50
Нечаева_13,Кефир,92,Напитки,15:55
Нечаева_14,Гречка,128,Бакалея,14:10
Нечаева_15,Куриная грудка,365,Еда,16:30
Нечаева_16,Яйца,118,Еда,15:40
Нечаева_17,Молоко,108,Напитки,14:45
Нечаева_18,Рис,112,Бакалея,16:05
Нечаева_19,Йогурт,83,Напитки,15:20
Нечаева_20,Овсяные хлопья,132,Еда,14:35
Нечаева_21,Йогурт,86,Напитки,16:15
Нечаева_21,Овсяные хлопья,128,Еда,16:15
Нечаева_22,Творог,198,Еда,15:25
Нечаева_22,Бананы,178,Еда,15:25
Нечаева_23,Кефир,88,Напитки,14:50
Нечаева_24,Гречка,130,Бакалея,16:40
Нечаева_25,Куриная грудка,362,Еда,15:50
Нечаева_26,Яйца,120,Еда,14:30
Нечаева_27,Молоко,110,Напитки,16:45
Нечаева_28,Рис,115,Бакалея,15:35
Нечаева_29,Йогурт,84,Напитки,14:55
Нечаева_30,Овсянка,98,Еда,16:25
Нечаева_31,Творог,202,Еда,15:10
Нечаева_32,Бананы,172,Еда,14:40
Нечаева_33,Кефир,94,Напитки,16:05
Нечаева_34,Гречка,126,Бакалея,15:00
Нечаева_35,Куриная грудка,368,Еда,14:15
Нечаева_36,Яйца,116,Еда,16:35
Нечаева_37,Молоко,106,Напитки,15:20
Нечаева_38,Рис,114,Бакалея,14:50
Нечаева_39,Йогурт,87,Напитки,16:10
Нечаева_40,Овсяные хлопья,134,Еда,15:45
Нечаева_41,Творог,192,Еда,14:25
Нечаева_42,Кефир,91,Напитки,16:50
Нечаева_43,Гречка,124,Бакалея,15:55
Нечаева_44,Куриная грудка,358,Еда,14:05
Нечаева_45,Яйца,119,Еда,16:20
Нечаева_46,Молоко,109,Напитки,15:30
Нечаева_47,Рис,108,Бакалея,14:45
Нечаева_48,Йогурт,82,Напитки,16:00
Нечаева_49,Овсянка,92,Еда,15:15
Нечаева_50,Творог,204,Еда,14:35
Нечаева_50,Бананы,180,Еда,14:35
Панасюк_1,Шоколад,120,Сладости,19:40
Панасюк_1,Мороженое,150,Сладости,19:40
Панасюк_2,Зефир,200,Сладости,20:15
Панасюк_3,Пирожное,280,Сладости,18:55
Панасюк_4,Шоколад,115,Сладости,19:30
Панасюк_5,Мороженое,155,Сладости,20:45
Панасюк_6,Мармелад,90,Сладости,18:20
Панасюк_7,Шоколад,320,Сладости,19:10
Панасюк_8,Пирожное,290,Сладости,20:35
Панасюк_9,Шоколад,118,Сладости,18:45
Панасюк_10,Мороженое,148,Сладости,19:55
Панасюк_11,Зефир,195,Сладости,20:25
Панасюк_12,Пирожное,275,Сладости,18:30
Панасюк_13,Шоколад,122,Сладости,19:05
Панасюк_14,Мороженое,152,Сладости,20:50
Панасюк_15,Мармелад,88,Сладости,18:15
Панасюк_16,Шоколад,315,Сладости,19:40
Панасюк_17,Пирожное,285,Сладости,20:10
Панасюк_18,Шоколад,119,Сладости,18:50
Панасюк_19,Мороженое,149,Сладости,19:20
Панасюк_20,Зефир,198,Сладости,20:55
Панасюк_21,Шоколад,121,Сладости,19:15
Панасюк_21,Мармелад,92,Сладости,19:15
Панасюк_22,Зефир,202,Сладости,20:30
Панасюк_23,Пирожное,278,Сладости,18:40
Панасюк_24,Мороженое,154,Сладости,19:45
Панасюк_25,Шоколад,116,Сладости,20:20
Панасюк_26,Мармелад,85,Сладости,18:25
Панасюк_27,Зефир,190,Сладости,19:50
Панасюк_28,Пирожное,288,Сладости,20:40
Панасюк_29,Шоколад,124,Сладости,18:35
Панасюк_30,Мороженое,150,Сладости,19:25
Панасюк_31,Зефир,196,Сладости,20:15
Панасюк_32,Мармелад,89,Сладости,18:10
Панасюк_33,Шоколад,318,Сладости,19:35
Панасюк_34,Пирожное,282,Сладости,20:05
Панасюк_35,Мороженое,146,Сладости,18:55
Панасюк_36,Зефир,200,Сладости,19:00
Панасюк_37,Шоколад,117,Сладости,20:45
Панасюк_38,Мармелад,91,Сладости,18:45
Панасюк_39,Пирожное,276,Сладости,19:10
Панасюк_40,Мороженое,153,Сладости,20:25
Панасюк_41,Шоколад,123,Сладости,18:20
Панасюк_42,Зефир,194,Сладости,19:55
Панасюк_43,Мармелад,86,Сладости,20:35
Панасюк_44,Пирожное,290,Сладости,18:50
Панасюк_45,Шоколад,120,Сладости,19:30
Панасюк_46,Мороженое,151,Сладости,20:10
Панасюк_47,Зефир,199,Сладости,18:15
Панасюк_48,Пирожное,284,Сладости,19:45
Панасюк_49,Шоколад,118,Сладости,20:50
Панасюк_50,Мороженое,147,Сладости,18:30
Панасюк_50,Мармелад,90,Сладости,18:30
Сафронов_1,Пиво,230,Алкоголь,22:40
Сафронов_1,Чипсы,125,Еда,22:41
Сафронов_2,Сидр,270,Алкоголь,23:55
Сафронов_3,Сигареты,105,Сигареты,0:15
Сафронов_4,Пиво,228,Алкоголь,21:30
Сафронов_5,Сухарики,90,Еда,23:10
Сафронов_6,Сидр,265,Алкоголь,22:20
Сафронов_7,Чипсы,128,Еда,0:45
Сафронов_8,Пиво,232,Алкоголь,21:55
Сафронов_9,Сигареты,108,Сигареты,23:35
Сафронов_10,Сидр,268,Алкоголь,22:05
Сафронов_11,Пиво,225,Алкоголь,0:25
Сафронов_11,Чипсы,122,Еда,0:25
Сафронов_12,Чипсы,122,Еда,21:15
Сафронов_13,Сухарики,88,Еда,23:50
Сафронов_14,Сидр,272,Алкоголь,22:45
Сафронов_15,Пиво,230,Алкоголь,0:10
Сафронов_16,Сигареты,106,Сигареты,21:40
Сафронов_17,Чипсы,130,Еда,23:25
Сафронов_18,Сидр,275,Алкоголь,22:30
Сафронов_19,Пиво,227,Алкоголь,0:55
Сафронов_20,Сухарики,92,Еда,21:20
Сафронов_21,Пиво,233,Алкоголь,22:50
Сафронов_21,Сухарики,89,Еда,22:51
Сафронов_22,Сидр,269,Алкоголь,0:05
Сафронов_23,Сигареты,107,Сигареты,21:25
Сафронов_24,Пиво,226,Алкоголь,23:15
Сафронов_25,Чипсы,126,Еда,0:35
Сафронов_26,Сидр,273,Алкоголь,22:10
Сафронов_27,Сухарики,91,Еда,21:45
Сафронов_28,Пиво,229,Алкоголь,23:40
Сафронов_29,Сигареты,104,Сигареты,0:20
Сафронов_30,Сидр,266,Алкоголь,22:35
Сафронов_31,Чипсы,129,Еда,21:05
Сафронов_32,Пиво,231,Алкоголь,23:20
Сафронов_33,Сухарики,87,Еда,0:40
Сафронов_34,Сидр,274,Алкоголь,22:15
Сафронов_35,Сигареты,109,Сигареты,21:50
Сафронов_36,Пиво,224,Алкоголь,23:45
Сафронов_37,Чипсы,123,Еда,0:15
Сафронов_38,Сидр,267,Алкоголь,22:25
Сафронов_39,Сухарики,93,Еда,21:35
Сафронов_40,Пиво,234,Алкоголь,23:30
Сафронов_41,Сигареты,103,Сигареты,0:30
Сафронов_42,Сидр,271,Алкоголь,22:00
Сафронов_43,Чипсы,127,Еда,21:10
Сафронов_44,Пиво,228,Алкоголь,23:55
Сафронов_45,Сухарики,90,Еда,0:45
Сафронов_46,Сидр,276,Алкоголь,22:40
Сафронов_47,Сигареты,110,Сигареты,21:15
Сафронов_48,Пиво,235,Алкоголь,23:05
Сафронов_49,Чипсы,131,Еда,0:50
Сафронов_50,Сидр,264,Алкоголь,22:55
Сафронов_50,Сухарики,88,Еда,22:56
Чернев_1,Кефир,93,Напитки,17:08
Чернев_1,Колбаса докторская,260,Еда,17:08
Чернев_1,Хлеб,80,Еда,17:08
Чернев_1,Сыр,170,Еда,17:08
Чернев_1,Шницель куриный,240,Еда,17:08
Чернев_1,Яйца,92,Еда,17:08
Чернев_1,Бананы,83,Еда,17:08
Чернев_2,Шницель куриный,170,Еда,15:20
Чернев_2,Молоко,90,Напитки,15:20
Чернев_2,Колбаса докторская,278,Еда,15:20
Чернев_2,Томаты,170,Еда,15:20
Чернев_2,Яблоки,156,Еда,15:20
Чернев_2,Огурцы,125,Еда,15:20
Чернев_3,Молоко,90,Напитки,18:12
Чернев_3,Шоколад,320,Сладости,18:12
Чернев_3,Сыр,190,Еда,18:12
Чернев_3,Колбаса докторская,260,Еда,18:12
Чернев_3,Хлеб,60,Еда,18:12
Чернев_4,Шницель куриный,165,Еда,16:45
Чернев_4,Хлеб,65,Еда,16:45
Чернев_4,Молоко,95,Напитки,16:45
Чернев_5,Колбаса докторская,270,Еда,17:30
Чернев_5,Яйца,95,Еда,17:30
Чернев_6,Сыр,185,Еда,18:20
Чернев_6,Томаты,175,Еда,18:20
Чернев_7,Шницель куриный,168,Еда,15:55
Чернев_8,Молоко,92,Напитки,17:10
Чернев_9,Хлеб,78,Еда,18:35
Чернев_10,Колбаса докторская,275,Еда,16:15
Чернев_11,Яблоки,160,Еда,17:40
Чернев_12,Огурцы,128,Еда,18:05
Чернев_13,Сыр,188,Еда,15:25
Чернев_14,Шницель куриный,172,Еда,16:50
Чернев_15,Молоко,88,Напитки,17:55
Чернев_16,Хлеб,62,Еда,18:25
Чернев_17,Колбаса докторская,268,Еда,16:30
Чернев_18,Яйца,98,Еда,17:15
Чернев_19,Томаты,172,Еда,18:40
Чернев_20,Шницель куриный,170,Еда,15:35
Чернев_21,Кефир,95,Напитки,17:45
Чернев_21,Колбаса докторская,265,Еда,17:45
Чернев_21,Хлеб,82,Еда,17:45
Чернев_22,Сыр,175,Еда,18:30
Чернев_22,Шницель куриный,245,Еда,18:30
Чернев_23,Яйца,94,Еда,15:45
Чернев_23,Бананы,85,Еда,15:45
Чернев_24,Шницель куриный,175,Еда,16:55
Чернев_24,Молоко,92,Напитки,16:55
Чернев_25,Колбаса докторская,280,Еда,17:20
Чернев_25,Томаты,168,Еда,17:20
Чернев_26,Яблоки,158,Еда,18:45
Чернев_26,Огурцы,130,Еда,18:45
Чернев_27,Молоко,88,Напитки,15:30
Чернев_27,Шоколад,325,Сладости,15:30
Чернев_28,Сыр,192,Еда,16:35
Чернев_28,Колбаса докторская,262,Еда,16:35
Чернев_29,Хлеб,58,Еда,18:50
Чернев_29,Шницель куриный,162,Еда,18:50
Чернев_30,Хлеб,67,Еда,17:00
Чернев_30,Молоко,97,Напитки,17:00
Чернев_31,Колбаса докторская,272,Еда,15:40
Чернев_31,Яйца,96,Еда,15:40
Чернев_32,Сыр,180,Еда,18:10
Чернев_32,Томаты,178,Еда,18:10
Чернев_33,Шницель куриный,170,Еда,16:00
Чернев_34,Молоко,90,Напитки,17:25
Чернев_35,Хлеб,76,Еда,18:15
Чернев_36,Колбаса докторская,278,Еда,15:50
Чернев_37,Яблоки,162,Еда,17:50
Чернев_38,Огурцы,126,Еда,18:20
Чернев_39,Сыр,186,Еда,16:10
Чернев_40,Шницель куриный,174,Еда,17:35
Чернев_41,Молоко,86,Напитки,18:00
Чернев_42,Хлеб,64,Еда,15:15
Чернев_43,Колбаса докторская,270,Еда,16:40
Чернев_44,Яйца,100,Еда,17:05
Чернев_45,Томаты,170,Еда,18:35
Чернев_46,Шницель куриный,172,Еда,15:25
Чернев_47,Кефир,91,Напитки,16:50
Чернев_48,Бананы,81,Еда,17:55
Чернев_49,Яблоки,154,Еда,18:25
Чернев_50,Огурцы,123,Еда,15:35
Чернев_50,Молоко,94,Напитки,15:35
Шараев_1,Шоколад,98,Сладости,21:12
Шараев_1,Липтон с лимоном,169,Напитки,21:12
Шараев_1,Хлеб,55,Еда,21:12
Шараев_2,Йогурт,89,Напитки,18:15
Шараев_2,Сок,139,Напитки,18:15
Шараев_2,Арахис,59,Еда,18:15
Шараев_3,Мармелад,45,Сладости,15:35
Шараев_3,Пицца,200,Фастфуд,15:35
Шараев_3,Вода,59,Напитки,15:35
Шараев_4,Шоколад,105,Сладости,20:30
Шараев_4,Кола,135,Напитки,20:30
Шараев_5,Мороженое,150,Сладости,19:45
Шараев_6,Чипсы,125,Еда,21:10
Шараев_7,Шоколад,110,Сладости,20:20
Шараев_8,Липтон,165,Напитки,19:55
Шараев_9,Мармелад,48,Сладости,21:25
Шараев_10,Пицца,195,Фастфуд,20:05
Шараев_11,Йогурт,92,Напитки,18:40
Шараев_12,Сок,142,Напитки,19:15
Шараев_13,Арахис,62,Еда,20:50
Шараев_14,Мороженое,148,Сладости,21:35
Шараев_15,Шоколад,108,Сладости,19:30
Шараев_16,Кола,138,Напитки,20:15
Шараев_17,Чипсы,128,Еда,21:45
Шараев_18,Мармелад,42,Сладости,19:10
Шараев_19,Пицца,205,Фастфуд,20:55
Шараев_20,Липтон с лимоном,172,Напитки,18:25
Шараев_21,Шоколад,100,Сладости,21:30
Шараев_21,Липтон,170,Напитки,21:30
Шараев_22,Йогурт,90,Напитки,18:30
Шараев_22,Сок,140,Напитки,18:30
Шараев_23,Мармелад,46,Сладости,15:40
Шараев_23,Пицца,198,Фастфуд,15:40
Шараев_24,Вода,60,Напитки,20:35
Шараев_24,Мороженое,152,Сладости,20:35
Шараев_25,Чипсы,130,Еда,21:20
Шараев_26,Шоколад,112,Сладости,19:40
Шараев_27,Кола,136,Напитки,20:25
Шараев_28,Арахис,60,Еда,18:20
Шараев_29,Мармелад,44,Сладости,21:15
Шараев_30,Пицца,202,Фастфуд,20:10
Шараев_31,Йогурт,94,Напитки,18:45
Шараев_32,Сок,144,Напитки,19:20
Шараев_33,Мороженое,146,Сладости,21:40
Шараев_34,Шоколад,106,Сладости,19:25
Шараев_35,Липтон с лимоном,168,Напитки,18:35
Шараев_36,Чипсы,126,Еда,21:50
Шараев_37,Мармелад,47,Сладости,15:45
Шараев_38,Пицца,197,Фастфуд,20:40
Шараев_39,Вода,58,Напитки,18:10
Шараев_40,Кола,140,Напитки,19:50
Шараев_41,Шоколад,109,Сладости,21:05
Шараев_42,Йогурт,88,Напитки,18:50
Шараев_43,Сок,138,Напитки,19:35
Шараев_44,Арахис,61,Еда,20:45
Шараев_45,Мороженое,149,Сладости,21:55
Шараев_46,Чипсы,129,Еда,19:15
Шараев_47,Шоколад,111,Сладости,20:55
Шараев_48,Липтон,166,Напитки,18:40
Шараев_49,Мармелад,43,Сладости,21:30
Шараев_50,Пицца,204,Фастфуд,20:20
Шараев_50,Вода,57,Напитки,20:20
Щетинин_1,Энергетик,180,Напитки,16:20
Щетинин_1,Сыр-косичка,270,Еда,16:20
Щетинин_2,Хинкали,88,Еда,15:45
Щетинин_2,Хинкали,88,Еда,15:45
Щетинин_3,Энергетик,185,Напитки,17:10
Щетинин_4,Сыр-косичка,275,Еда,16:35
Щетинин_5,Йогурт,80,Сладости,22:05
Щетинин_6,Энергетик,182,Напитки,15:25
Щетинин_7,Сыр-косичка,268,Еда,17:50
Щетинин_8,Хинкали,88,Еда,16:15
Щетинин_9,Энергетик,188,Напитки,15:55
Щетинин_10,Сыр-косичка,272,Еда,17:30
Щетинин_11,Йогурт,78,Сладости,21:40
Щетинин_12,Энергетик,179,Напитки,16:05
Щетинин_13,Сыр-косичка,276,Еда,17:20
Щетинин_14,Хинкали,88,Еда,15:30
Щетинин_15,Энергетик,190,Напитки,16:45
Щетинин_16,Сыр-косичка,269,Еда,17:55
Щетинин_17,Йогурт,82,Сладости,22:15
Щетинин_18,Энергетик,184,Напитки,15:10
Щетинин_19,Сыр-косичка,274,Еда,16:25
Щетинин_20,Хинкали,88,Еда,17:40
Щетинин_21,Энергетик,181,Напитки,16:15
Щетинин_21,Сыр-косичка,271,Еда,16:15
Щетинин_22,Хинкали,88,Еда,15:50
Щетинин_22,Хинкали,88,Еда,15:50
Щетинин_23,Йогурт,79,Сладости,21:55
Щетинин_24,Энергетик,187,Напитки,17:05
Щетинин_25,Сыр-косичка,273,Еда,16:40
Щетинин_26,Хинкали,88,Еда,15:20
Щетинин_27,Энергетик,183,Напитки,16:55
Щетинин_28,Сыр-косичка,277,Еда,17:35
Щетинин_29,Йогурт,81,Сладости,22:10
Щетинин_30,Энергетик,186,Напитки,15:35
Щетинин_31,Сыр-косичка,270,Еда,16:10
Щетинин_32,Хинкали,88,Еда,17:15
Щетинин_33,Энергетик,189,Напитки,16:50
Щетинин_34,Сыр-косичка,275,Еда,17:45
Щетинин_35,Йогурт,77,Сладости,21:45
Щетинин_36,Энергетик,178,Напитки,15:05
Щетинин_37,Сыр-косичка,268,Еда,16:30
Щетинин_38,Хинкали,88,Еда,17:25
Щетинин_39,Энергетик,185,Напитки,16:00
Щетинин_40,Сыр-косичка,272,Еда,17:10
Щетинин_41,Йогурт,83,Сладости,22:20
Щетинин_42,Энергетик,191,Напитки,15:40
Щетинин_43,Сыр-косичка,274,Еда,16:45
Щетинин_44,Хинкали,88,Еда,17:55
Щетинин_45,Энергетик,180,Напитки,15:15
Щетинин_46,Сыр-косичка,269,Еда,16:20
Щетинин_47,Йогурт,80,Сладости,21:30
Щетинин_48,Хинкали,88,Еда,15:55
Щетинин_48,Хинкали,88,Еда,15:55
Щетинин_49,Энергетик,186,Напитки,17:00
Щетинин_50,Сыр-косичка,276,Еда,16:35
Щетинин_50,Энергетик,182,Напитки,16:35
Юрченко_1,Кола,130,Напитки,21:30
Юрченко_1,Чипсы,120,Еда,21:31
Юрченко_2,Пиво,210,Алкоголь,22:45
Юрченко_3,Сухарики,85,Еда,20:15
Юрченко_4,Шоколад,110,Сладости,21:55
Юрченко_5,Кола,135,Напитки,20:40
Юрченко_6,Чипсы,125,Еда,22:10
Юрченко_7,Пиво,215,Алкоголь,21:25
Юрченко_8,Сухарики,88,Еда,20:50
Юрченко_9,Шоколад,115,Сладости,22:30
Юрченко_10,Кола,128,Напитки,21:05
Юрченко_11,Чипсы,122,Еда,20:35
Юрченко_12,Пиво,208,Алкоголь,22:20
Юрченко_13,Сухарики,90,Еда,21:45
Юрченко_14,Шоколад,112,Сладости,20:10
Юрченко_15,Кола,132,Напитки,22:55
Юрченко_16,Чипсы,118,Еда,21:40
Юрченко_17,Пиво,212,Алкоголь,20:25
Юрченко_18,Сухарики,87,Еда,22:15
Юрченко_19,Шоколад,108,Сладости,21:50
Юрченко_20,Кола,129,Напитки,20:30
Юрченко_21,Пиво,214,Алкоголь,22:35
Юрченко_21,Чипсы,124,Еда,22:36
Юрченко_22,Кола,131,Напитки,21:15
Юрченко_23,Сухарики,89,Еда,20:45
Юрченко_24,Шоколад,114,Сладости,22:05
Юрченко_25,Пиво,209,Алкоголь,21:55
Юрченко_26,Чипсы,127,Еда,20:20
Юрченко_27,Кола,134,Напитки,22:50
Юрченко_28,Сухарики,86,Еда,21:10
Юрченко_29,Шоколад,111,Сладости,20:55
Юрченко_30,Пиво,216,Алкоголь,22:25
Юрченко_30,Чипсы,121,Еда,22:26
Юрченко_31,Кола,126,Напитки,21:35
Юрченко_32,Сухарики,91,Еда,20:05
Юрченко_33,Шоколад,109,Сладости,22:40
Юрченко_34,Пиво,211,Алкоголь,21:20
Юрченко_35,Чипсы,123,Еда,20:50
Юрченко_36,Кола,133,Напитки,22:15
Юрченко_37,Сухарики,84,Еда,21:45
Юрченко_38,Шоколад,113,Сладости,20:30
Юрченко_39,Пиво,213,Алкоголь,22:00
Юрченко_40,Чипсы,126,Еда,21:25
Юрченко_41,Кола,130,Напитки,20:15
Юрченко_42,Сухарики,88,Еда,22:55
Юрченко_43,Шоколад,110,Сладости,21:40
Юрченко_44,Пиво,217,Алкоголь,20:35
Юрченко_45,Чипсы,119,Еда,22:10
Юрченко_46,Кола,127,Напитки,21:00
Юрченко_47,Сухарики,90,Еда,20:25
Юрченко_48,Шоколад,116,Сладости,22:45
Юрченко_49,Пиво,210,Алкоголь,21:50
Юрченко_50,Чипсы,125,Еда,20:40
Юрченко_50,Кола,129,Напитки,20:40
